-- phpMyAdmin SQL Dump
-- version 4.0.10deb1
-- http://www.phpmyadmin.net
--
-- Host: 127.0.0.1
-- Generation Time: Nov 14, 2016 at 05:12 PM
-- Server version: 5.5.49-0ubuntu0.14.04.1
-- PHP Version: 5.5.9-1ubuntu4.17

SET SQL_MODE = "NO_AUTO_VALUE_ON_ZERO";
SET time_zone = "+00:00";


/*!40101 SET @OLD_CHARACTER_SET_CLIENT=@@CHARACTER_SET_CLIENT */;
/*!40101 SET @OLD_CHARACTER_SET_RESULTS=@@CHARACTER_SET_RESULTS */;
/*!40101 SET @OLD_COLLATION_CONNECTION=@@COLLATION_CONNECTION */;
/*!40101 SET NAMES utf8 */;

--
-- Database: `renovatio`
--

-- --------------------------------------------------------

--
-- Table structure for table `admin_company`
--

CREATE TABLE IF NOT EXISTS `admin_company` (
  `company_id` int(11) NOT NULL AUTO_INCREMENT,
  `parent_id` int(11) NOT NULL,
  `name` varchar(255) CHARACTER SET latin1 NOT NULL,
  `corporate_name` varchar(250) COLLATE utf8_unicode_ci NOT NULL,
  `address` varchar(150) COLLATE utf8_unicode_ci NOT NULL,
  `logo` varchar(255) CHARACTER SET latin1 NOT NULL,
  `website` varchar(255) COLLATE utf8_unicode_ci NOT NULL,
  `phone` varchar(255) CHARACTER SET latin1 NOT NULL,
  `CUIT` int(11) NOT NULL,
  `status` char(1) CHARACTER SET latin1 NOT NULL DEFAULT 'P',
  `creation_date` datetime NOT NULL,
  `last_update` timestamp NOT NULL DEFAULT CURRENT_TIMESTAMP,
  `creator_id` int(11) NOT NULL,
  PRIMARY KEY (`company_id`)
) ENGINE=MyISAM  DEFAULT CHARSET=utf8 COLLATE=utf8_unicode_ci AUTO_INCREMENT=3 ;

--
-- Dumping data for table `admin_company`
--

INSERT INTO `admin_company` (`company_id`, `parent_id`, `name`, `corporate_name`, `address`, `logo`, `website`, `phone`, `CUIT`, `status`, `creation_date`, `last_update`, `creator_id`) VALUES
(1, 0, 'Innova Studios', '', '', '../../../skin/images/customers/1.png', 'www.innovastudio.com.ar', '', 0, 'A', '2016-08-01 18:00:00', '2016-08-01 21:09:32', 8),
(2, 1, 'Empresa', 'Razon', 'Direccion', '../../../skin/images/companies/company67425543.jpeg', 'sitio web', 'telefono', 2147483647, 'P', '2016-11-03 18:19:36', '2016-11-03 18:19:36', 8);

-- --------------------------------------------------------

--
-- Table structure for table `admin_company_agent`
--

CREATE TABLE IF NOT EXISTS `admin_company_agent` (
  `agent_id` int(11) NOT NULL AUTO_INCREMENT,
  `company_id` int(11) NOT NULL,
  `name` varchar(150) COLLATE utf8_unicode_ci NOT NULL,
  `charge` varchar(150) COLLATE utf8_unicode_ci NOT NULL,
  `email` varchar(150) COLLATE utf8_unicode_ci NOT NULL,
  `phone` varchar(50) COLLATE utf8_unicode_ci NOT NULL,
  PRIMARY KEY (`agent_id`)
) ENGINE=MyISAM  DEFAULT CHARSET=utf8 COLLATE=utf8_unicode_ci AUTO_INCREMENT=3 ;

--
-- Dumping data for table `admin_company_agent`
--

INSERT INTO `admin_company_agent` (`agent_id`, `company_id`, `name`, `charge`, `email`, `phone`) VALUES
(1, 0, 'C&aacute;rlos Jorge', 'Operador', 'carlos.jorge@mail.com', '12345678'),
(2, 0, 'Christian Pe&ntilde;aloza', 'Gerente', 'penialoza@mail.com', '1234678765432');

-- --------------------------------------------------------

--
-- Table structure for table `admin_country`
--

CREATE TABLE IF NOT EXISTS `admin_country` (
  `country_id` int(4) NOT NULL AUTO_INCREMENT,
  `title` varchar(100) COLLATE utf8_unicode_ci NOT NULL,
  `position` int(4) NOT NULL,
  `status` char(1) COLLATE utf8_unicode_ci NOT NULL DEFAULT 'A',
  `creation_date` datetime NOT NULL,
  PRIMARY KEY (`country_id`)
) ENGINE=MyISAM  DEFAULT CHARSET=utf8 COLLATE=utf8_unicode_ci AUTO_INCREMENT=5904 ;

--
-- Dumping data for table `admin_country`
--

INSERT INTO `admin_country` (`country_id`, `title`, `position`, `status`, `creation_date`) VALUES
(93, 'Afganist&aacute;n', 1, 'A', '0000-00-00 00:00:00'),
(355, 'Albania', 1, 'A', '0000-00-00 00:00:00'),
(49, 'Alemania', 1, 'A', '0000-00-00 00:00:00'),
(376, 'Andorra', 1, 'A', '0000-00-00 00:00:00'),
(244, 'Angola', 1, 'A', '0000-00-00 00:00:00'),
(1021, 'Antigua y Barbuda', 1, 'A', '0000-00-00 00:00:00'),
(5902, 'Antillas', 1, 'A', '0000-00-00 00:00:00'),
(5901, 'Antillas Francesas', 1, 'A', '0000-00-00 00:00:00'),
(599, 'Antillas Holandesas', 1, 'A', '0000-00-00 00:00:00'),
(966, 'Arabia Saudita', 1, 'A', '0000-00-00 00:00:00'),
(213, 'Argelia', 1, 'A', '0000-00-00 00:00:00'),
(54, 'Argentina', 1, 'A', '0000-00-00 00:00:00'),
(374, 'Armenia', 1, 'A', '0000-00-00 00:00:00'),
(297, 'Aruba', 1, 'A', '0000-00-00 00:00:00'),
(61, 'Australia', 1, 'A', '0000-00-00 00:00:00'),
(43, 'Austria', 1, 'A', '0000-00-00 00:00:00'),
(994, 'Azerbaiy&aacute;n', 1, 'A', '0000-00-00 00:00:00'),
(103, 'Bahamas', 1, 'A', '0000-00-00 00:00:00'),
(973, 'Bahrein', 1, 'A', '0000-00-00 00:00:00'),
(880, 'Bangladesh', 1, 'A', '0000-00-00 00:00:00'),
(104, 'Barbados', 1, 'A', '0000-00-00 00:00:00'),
(120, 'Barbudea', 1, 'A', '0000-00-00 00:00:00'),
(32, 'B&eacute;lgica', 1, 'A', '0000-00-00 00:00:00'),
(501, 'Belice', 1, 'A', '0000-00-00 00:00:00'),
(229, 'Ben&iacute;n', 1, 'A', '0000-00-00 00:00:00'),
(105, 'Bermuda', 1, 'A', '0000-00-00 00:00:00'),
(375, 'Bielorrusia', 1, 'A', '0000-00-00 00:00:00'),
(591, 'Bolivia', 1, 'A', '0000-00-00 00:00:00'),
(387, 'Bosnia - Herzegovina', 1, 'A', '0000-00-00 00:00:00'),
(267, 'Botswana', 1, 'A', '0000-00-00 00:00:00'),
(55, 'Brasil', 1, 'A', '0000-00-00 00:00:00'),
(673, 'Brunei', 1, 'A', '0000-00-00 00:00:00'),
(359, 'Bulgaria', 1, 'A', '0000-00-00 00:00:00'),
(226, 'Burkina Faso', 1, 'A', '0000-00-00 00:00:00'),
(257, 'Burundi', 1, 'A', '0000-00-00 00:00:00'),
(975, 'But&aacute;n', 1, 'A', '0000-00-00 00:00:00'),
(238, 'Cabo Verde', 1, 'A', '0000-00-00 00:00:00'),
(855, 'Cambodia', 1, 'A', '0000-00-00 00:00:00'),
(237, 'Camer&uacute;n', 1, 'A', '0000-00-00 00:00:00'),
(107, 'Canad&aacute;', 1, 'A', '0000-00-00 00:00:00'),
(235, 'Chad', 1, 'A', '0000-00-00 00:00:00'),
(56, 'Chile', 1, 'A', '0000-00-00 00:00:00'),
(86, 'China', 1, 'A', '0000-00-00 00:00:00'),
(357, 'Chipre', 1, 'A', '0000-00-00 00:00:00'),
(269, 'Comores', 1, 'A', '0000-00-00 00:00:00'),
(57, 'Colombia', 1, 'A', '0000-00-00 00:00:00'),
(850, 'Corea del Norte', 1, 'A', '0000-00-00 00:00:00'),
(82, 'Corea del Sur', 1, 'A', '0000-00-00 00:00:00'),
(506, 'Costa Rica', 1, 'A', '0000-00-00 00:00:00'),
(385, 'Croacia', 1, 'A', '0000-00-00 00:00:00'),
(53, 'Cuba', 1, 'A', '0000-00-00 00:00:00'),
(45, 'Dinamarca', 1, 'A', '0000-00-00 00:00:00'),
(253, 'Djibouti', 1, 'A', '0000-00-00 00:00:00'),
(109, 'Dominica', 1, 'A', '0000-00-00 00:00:00'),
(593, 'Ecuador', 1, 'A', '0000-00-00 00:00:00'),
(20, 'Egipto', 1, 'A', '0000-00-00 00:00:00'),
(503, 'El Salvador', 1, 'A', '0000-00-00 00:00:00'),
(971, 'Emiratos &Aacute;rabes Unidos', 1, 'A', '0000-00-00 00:00:00'),
(291, 'Eritrea', 1, 'A', '0000-00-00 00:00:00'),
(421, 'Eslovaquia', 1, 'A', '0000-00-00 00:00:00'),
(386, 'Eslovenia', 1, 'A', '0000-00-00 00:00:00'),
(34, 'Espa&ntilde;a', 1, 'A', '0000-00-00 00:00:00'),
(1, 'Estados Unidos', 1, 'A', '0000-00-00 00:00:00'),
(372, 'Estonia', 1, 'A', '0000-00-00 00:00:00'),
(251, 'Etiop&iacute;a', 1, 'A', '0000-00-00 00:00:00'),
(679, 'Fiji', 1, 'A', '0000-00-00 00:00:00'),
(63, 'Filipinas', 1, 'A', '0000-00-00 00:00:00'),
(358, 'Finlandia', 1, 'A', '0000-00-00 00:00:00'),
(33, 'Francia', 1, 'A', '0000-00-00 00:00:00'),
(241, 'Gab&oacute;n', 1, 'A', '0000-00-00 00:00:00'),
(441, 'Gales', 1, 'A', '0000-00-00 00:00:00'),
(220, 'Gambia', 1, 'A', '0000-00-00 00:00:00'),
(995, 'Georgia', 1, 'A', '0000-00-00 00:00:00'),
(233, 'Ghana', 1, 'A', '0000-00-00 00:00:00'),
(111, 'Granada', 1, 'A', '0000-00-00 00:00:00'),
(30, 'Grecia', 1, 'A', '0000-00-00 00:00:00'),
(299, 'Groenlandia', 1, 'A', '0000-00-00 00:00:00'),
(502, 'Guatemala', 1, 'A', '0000-00-00 00:00:00'),
(224, 'Guinea', 1, 'A', '0000-00-00 00:00:00'),
(245, 'Guinea Bissau', 1, 'A', '0000-00-00 00:00:00'),
(240, 'Guinea Ecuatorial', 1, 'A', '0000-00-00 00:00:00'),
(592, 'Guyana', 1, 'A', '0000-00-00 00:00:00'),
(594, 'Guyana Francesa', 1, 'A', '0000-00-00 00:00:00'),
(509, 'Hait&iacute;', 1, 'A', '0000-00-00 00:00:00'),
(31, 'Holanda', 1, 'A', '0000-00-00 00:00:00'),
(504, 'Honduras', 1, 'A', '0000-00-00 00:00:00'),
(852, 'Hong Kong', 1, 'A', '0000-00-00 00:00:00'),
(36, 'Hungr&iacute;a', 1, 'A', '0000-00-00 00:00:00'),
(91, 'India', 1, 'A', '0000-00-00 00:00:00'),
(62, 'Indonesia', 1, 'A', '0000-00-00 00:00:00'),
(98, 'Ir&aacute;n', 1, 'A', '0000-00-00 00:00:00'),
(964, 'Iraq', 1, 'A', '0000-00-00 00:00:00'),
(353, 'Irlanda', 1, 'A', '0000-00-00 00:00:00'),
(354, 'Islandia', 1, 'A', '0000-00-00 00:00:00'),
(108, 'Islas Cayman', 1, 'A', '0000-00-00 00:00:00'),
(178, 'Islas Canarias', 1, 'A', '0000-00-00 00:00:00'),
(298, 'Islas Feroe', 1, 'A', '0000-00-00 00:00:00'),
(500, 'Islas Malvinas', 1, 'A', '0000-00-00 00:00:00'),
(692, 'Islas Marshall', 1, 'A', '0000-00-00 00:00:00'),
(677, 'Islas Salom&oacute;n', 1, 'A', '0000-00-00 00:00:00'),
(123, 'Islas Virgenes', 1, 'A', '0000-00-00 00:00:00'),
(106, 'Islas Virgenes Brit&aacute;nicas', 1, 'A', '0000-00-00 00:00:00'),
(972, 'Israel', 1, 'A', '0000-00-00 00:00:00'),
(39, 'Italia', 1, 'A', '0000-00-00 00:00:00'),
(112, 'Jamaica', 1, 'A', '0000-00-00 00:00:00'),
(81, 'Jap&oacute;n', 1, 'A', '0000-00-00 00:00:00'),
(962, 'Jordania', 1, 'A', '0000-00-00 00:00:00'),
(731, 'Kazajst&aacute;n', 1, 'A', '0000-00-00 00:00:00'),
(254, 'Kenia', 1, 'A', '0000-00-00 00:00:00'),
(733, 'Kirguizist&aacute;n', 1, 'A', '0000-00-00 00:00:00'),
(686, 'Kiribati', 1, 'A', '0000-00-00 00:00:00'),
(965, 'Kuwait', 1, 'A', '0000-00-00 00:00:00'),
(856, 'Laos', 1, 'A', '0000-00-00 00:00:00'),
(266, 'Lesotho', 1, 'A', '0000-00-00 00:00:00'),
(371, 'Letonia', 1, 'A', '0000-00-00 00:00:00'),
(961, 'L&iacute;bano', 1, 'A', '0000-00-00 00:00:00'),
(231, 'Liberia', 1, 'A', '0000-00-00 00:00:00'),
(218, 'Libia', 1, 'A', '0000-00-00 00:00:00'),
(417, 'Liechtenstein', 1, 'A', '0000-00-00 00:00:00'),
(370, 'Lituania', 1, 'A', '0000-00-00 00:00:00'),
(352, 'Luxemburgo', 1, 'A', '0000-00-00 00:00:00'),
(389, 'Macedonia', 1, 'A', '0000-00-00 00:00:00'),
(853, 'Macau', 1, 'A', '0000-00-00 00:00:00'),
(261, 'Madagascar', 1, 'A', '0000-00-00 00:00:00'),
(60, 'Malasia', 1, 'A', '0000-00-00 00:00:00'),
(265, 'Malawi', 1, 'A', '0000-00-00 00:00:00'),
(960, 'Maldivas', 1, 'A', '0000-00-00 00:00:00'),
(223, 'Mal&iacute;', 1, 'A', '0000-00-00 00:00:00'),
(356, 'Malta', 1, 'A', '0000-00-00 00:00:00'),
(212, 'Marruecos', 1, 'A', '0000-00-00 00:00:00'),
(596, 'Martinica', 1, 'A', '0000-00-00 00:00:00'),
(230, 'Mauricio', 1, 'A', '0000-00-00 00:00:00'),
(222, 'Mauritania', 1, 'A', '0000-00-00 00:00:00'),
(52, 'M&eacute;xico', 1, 'A', '0000-00-00 00:00:00'),
(691, 'Micronesia', 1, 'A', '0000-00-00 00:00:00'),
(373, 'Moldavia', 1, 'A', '0000-00-00 00:00:00'),
(377, 'M&oacute;naco', 1, 'A', '0000-00-00 00:00:00'),
(976, 'Mongolia', 1, 'A', '0000-00-00 00:00:00'),
(258, 'Mozambique', 1, 'A', '0000-00-00 00:00:00'),
(95, 'Myamar', 1, 'A', '0000-00-00 00:00:00'),
(264, 'Namibia', 1, 'A', '0000-00-00 00:00:00'),
(674, 'Naur&uacute;', 1, 'A', '0000-00-00 00:00:00'),
(977, 'Nepal', 1, 'A', '0000-00-00 00:00:00'),
(505, 'Nicaragua', 1, 'A', '0000-00-00 00:00:00'),
(227, 'N&iacute;ger', 1, 'A', '0000-00-00 00:00:00'),
(234, 'Nigeria', 1, 'A', '0000-00-00 00:00:00'),
(47, 'Noruega', 1, 'A', '0000-00-00 00:00:00'),
(64, 'Nueva Zelanda', 1, 'A', '0000-00-00 00:00:00'),
(986, 'Om&aacute;n', 1, 'A', '0000-00-00 00:00:00'),
(92, 'Pakist&aacute;n', 1, 'A', '0000-00-00 00:00:00'),
(680, 'Palau', 1, 'A', '0000-00-00 00:00:00'),
(595, 'Paraguay', 1, 'A', '0000-00-00 00:00:00'),
(507, 'Panam&aacute;', 1, 'A', '0000-00-00 00:00:00'),
(675, 'Pap&uacute;a - Nueva Guinea', 1, 'A', '0000-00-00 00:00:00'),
(51, 'Per&uacute;', 1, 'A', '0000-00-00 00:00:00'),
(689, 'Polinesia', 1, 'A', '0000-00-00 00:00:00'),
(48, 'Polonia', 1, 'A', '0000-00-00 00:00:00'),
(351, 'Portugal', 1, 'A', '0000-00-00 00:00:00'),
(121, 'Puerto Rico', 1, 'A', '0000-00-00 00:00:00'),
(974, 'Qatar', 1, 'A', '0000-00-00 00:00:00'),
(44, 'Reino Unido', 1, 'A', '0000-00-00 00:00:00'),
(236, 'Rep&uacute;blica Centroafricana', 1, 'A', '0000-00-00 00:00:00'),
(420, 'Rep&uacute;blica Checa', 1, 'A', '0000-00-00 00:00:00'),
(242, 'Rep&uacute;blica del Congo', 1, 'A', '0000-00-00 00:00:00'),
(243, 'Rep&uacute;blica Democr&aacute;tica del Congo', 1, 'A', '0000-00-00 00:00:00'),
(110, 'Rep&uacute;blica Dominicana', 1, 'A', '0000-00-00 00:00:00'),
(27, 'Rep&uacute;blica Sudafricana', 1, 'A', '0000-00-00 00:00:00'),
(250, 'Ruanda', 1, 'A', '0000-00-00 00:00:00'),
(40, 'Ruman&iacute;a', 1, 'A', '0000-00-00 00:00:00'),
(7, 'Rusia', 1, 'A', '0000-00-00 00:00:00'),
(685, 'Samoa Occidental', 1, 'A', '0000-00-00 00:00:00'),
(114, 'San Crist&oacute;bal y Nevis', 1, 'A', '0000-00-00 00:00:00'),
(378, 'San Marino', 1, 'A', '0000-00-00 00:00:00'),
(116, 'San Vicente y Granadinas', 1, 'A', '0000-00-00 00:00:00'),
(122, 'Santa Luc&iacute;a', 1, 'A', '0000-00-00 00:00:00'),
(239, 'Santo Tom&eacute; y Pr&iacute;ncipe', 1, 'A', '0000-00-00 00:00:00'),
(221, 'Senegal', 1, 'A', '0000-00-00 00:00:00'),
(248, 'Seychelles', 1, 'A', '0000-00-00 00:00:00'),
(232, 'Sierra Leona', 1, 'A', '0000-00-00 00:00:00'),
(65, 'Singapur', 1, 'A', '0000-00-00 00:00:00'),
(963, 'Siria', 1, 'A', '0000-00-00 00:00:00'),
(252, 'Somalia', 1, 'A', '0000-00-00 00:00:00'),
(94, 'Sri Lanka', 1, 'A', '0000-00-00 00:00:00'),
(249, 'Sud&aacute;n', 1, 'A', '0000-00-00 00:00:00'),
(46, 'Suecia', 1, 'A', '0000-00-00 00:00:00'),
(41, 'Suiza', 1, 'A', '0000-00-00 00:00:00'),
(597, 'Surinam', 1, 'A', '0000-00-00 00:00:00'),
(268, 'Swazilandia', 1, 'A', '0000-00-00 00:00:00'),
(66, 'Tailandia', 1, 'A', '0000-00-00 00:00:00'),
(886, 'Taiw&aacute;n', 1, 'A', '0000-00-00 00:00:00'),
(255, 'Tanzania', 1, 'A', '0000-00-00 00:00:00'),
(708, 'Tayikist&aacute;n', 1, 'A', '0000-00-00 00:00:00'),
(228, 'Togo', 1, 'A', '0000-00-00 00:00:00'),
(676, 'Tonga', 1, 'A', '0000-00-00 00:00:00'),
(117, 'Trinidad y Tobago', 1, 'A', '0000-00-00 00:00:00'),
(216, 'T&uacute;nez', 1, 'A', '0000-00-00 00:00:00'),
(709, 'Turkmenist&aacute;n', 1, 'A', '0000-00-00 00:00:00'),
(90, 'Turqu&iacute;a', 1, 'A', '0000-00-00 00:00:00'),
(688, 'Tuval&uacute;', 1, 'A', '0000-00-00 00:00:00'),
(380, 'Ucrania', 1, 'A', '0000-00-00 00:00:00'),
(256, 'Uganda', 1, 'A', '0000-00-00 00:00:00'),
(598, 'Uruguay', 1, 'A', '0000-00-00 00:00:00'),
(711, 'Uzbekist&aacute;n', 1, 'A', '0000-00-00 00:00:00'),
(678, 'Vanuat&uacute;', 1, 'A', '0000-00-00 00:00:00'),
(379, 'Vaticano', 1, 'A', '0000-00-00 00:00:00'),
(58, 'Venezuela', 1, 'A', '0000-00-00 00:00:00'),
(84, 'Vietnam', 1, 'A', '0000-00-00 00:00:00'),
(967, 'Yemen', 1, 'A', '0000-00-00 00:00:00'),
(381, 'Yugoslavia', 1, 'A', '0000-00-00 00:00:00'),
(3811, 'Yugoslavia - Serbia', 1, 'A', '0000-00-00 00:00:00'),
(382, 'Yugoslavia - Montenegro', 1, 'A', '0000-00-00 00:00:00'),
(260, 'Zambia', 1, 'A', '0000-00-00 00:00:00'),
(263, 'Zimbabwe', 1, 'A', '0000-00-00 00:00:00'),
(5000, 'Otros', 1, 'A', '0000-00-00 00:00:00'),
(5903, 'Prueba', 0, 'I', '2016-11-01 07:17:45');

-- --------------------------------------------------------

--
-- Table structure for table `admin_country_province`
--

CREATE TABLE IF NOT EXISTS `admin_country_province` (
  `province_id` int(4) NOT NULL AUTO_INCREMENT,
  `country_id` int(4) NOT NULL,
  `title` varchar(150) COLLATE utf8_unicode_ci NOT NULL,
  `position` int(4) NOT NULL,
  `status` char(1) COLLATE utf8_unicode_ci NOT NULL DEFAULT 'A',
  PRIMARY KEY (`province_id`)
) ENGINE=MyISAM  DEFAULT CHARSET=utf8 COLLATE=utf8_unicode_ci AUTO_INCREMENT=79 ;

--
-- Dumping data for table `admin_country_province`
--

INSERT INTO `admin_country_province` (`province_id`, `country_id`, `title`, `position`, `status`) VALUES
(1, 54, 'Capital Federal', 1, 'A'),
(2, 54, 'Buenos Aires', 2, 'A'),
(3, 54, 'Santa F&eacute;', 6, 'A'),
(4, 54, 'Entre R&iacute;os', 7, 'A'),
(5, 54, 'Corrientes', 8, 'A'),
(6, 54, 'Misiones', 9, 'A'),
(7, 54, 'Chaco', 10, 'A'),
(8, 54, 'Formosa', 11, 'A'),
(9, 54, 'C&oacute;rdoba', 12, 'A'),
(10, 54, 'Santiago del Estero', 13, 'A'),
(11, 54, 'Jujuy', 14, 'A'),
(12, 54, 'Salta', 15, 'A'),
(13, 54, 'La Rioja', 16, 'A'),
(14, 54, 'San Juan', 17, 'A'),
(15, 54, 'Tucum&aacute;n', 18, 'A'),
(16, 54, 'Mendoza', 19, 'A'),
(17, 54, 'San Luis', 20, 'A'),
(18, 54, 'La Pampa', 21, 'A'),
(19, 54, 'Neuqu&eacute;n', 22, 'A'),
(20, 54, 'R&iacute;o Negro', 23, 'A'),
(21, 54, 'Chubut', 24, 'A'),
(22, 54, 'Santa Cruz', 25, 'A'),
(23, 54, 'Tierra del Fuego', 26, 'A'),
(24, 54, 'Catamarca', 27, 'A'),
(25, 54, 'Gran Bs As Norte', 3, 'I'),
(26, 54, 'Gran Bs As Sur', 4, 'I'),
(27, 54, 'Gran Bs As Oeste', 5, 'I'),
(28, 34, '&Aacute;lava', 0, 'A'),
(29, 34, 'Albacete', 0, 'A'),
(30, 34, 'Alicante', 0, 'A'),
(31, 34, 'Almer&iacute;a', 0, 'A'),
(32, 34, 'Asturias', 0, 'A'),
(33, 34, '&Aacute;vila', 0, 'A'),
(34, 34, 'Badajoz', 0, 'A'),
(35, 34, 'Islas Baleares', 0, 'A'),
(36, 34, 'Barcelona', 0, 'A'),
(37, 34, 'Burgos', 0, 'A'),
(38, 34, 'C&aacute;ceres', 0, 'A'),
(39, 34, 'C&aacute;diz', 0, 'A'),
(40, 34, 'Cantabria', 0, 'A'),
(41, 34, 'Castell&oacute;n', 0, 'A'),
(42, 34, 'Ceuta', 0, 'A'),
(43, 34, 'Ciudad Real', 0, 'A'),
(44, 34, 'C&oacute;rdoba', 0, 'A'),
(45, 34, 'La Coru&ntilde;a', 0, 'A'),
(46, 34, 'Cuenca', 0, 'A'),
(47, 34, 'Girona', 0, 'A'),
(48, 34, 'Granada', 0, 'A'),
(49, 34, 'Guadalajara', 0, 'A'),
(50, 34, 'Guip&uacute;zcoa', 0, 'A'),
(51, 34, 'Huelva', 0, 'A'),
(52, 34, 'Huesca', 0, 'A'),
(53, 34, 'Ja&eacute;n', 0, 'A'),
(54, 34, 'Le&oacute;n', 0, 'A'),
(55, 34, 'Lleida', 0, 'A'),
(56, 34, 'Lugo', 0, 'A'),
(57, 34, 'Madrid', 0, 'A'),
(58, 34, 'M&aacute;laga', 0, 'A'),
(59, 34, 'Melilla', 0, 'A'),
(60, 34, 'Murcia', 0, 'A'),
(61, 34, 'Navarra', 0, 'A'),
(62, 34, 'Orense', 0, 'A'),
(63, 34, 'Palencia', 0, 'A'),
(64, 34, 'Las Palmas', 0, 'A'),
(65, 34, 'Pontevedra', 0, 'A'),
(66, 34, 'La Rioja', 0, 'A'),
(67, 34, 'Salamanca', 0, 'A'),
(68, 34, 'Segovia', 0, 'A'),
(69, 34, 'Soria', 0, 'A'),
(70, 34, 'Tarragona', 0, 'A'),
(71, 34, 'S.C.Tenerife', 0, 'A'),
(72, 34, 'Teruel', 0, 'A'),
(73, 34, 'Toledo', 0, 'A'),
(74, 34, 'Valencia', 0, 'A'),
(75, 34, 'Valladolid', 0, 'A'),
(76, 34, 'Vizcaya', 0, 'A'),
(77, 34, 'Zamora', 0, 'A'),
(78, 34, 'Zaragoza', 0, 'A');

-- --------------------------------------------------------

--
-- Table structure for table `admin_country_zone`
--

CREATE TABLE IF NOT EXISTS `admin_country_zone` (
  `zone_id` int(5) NOT NULL AUTO_INCREMENT,
  `country_id` int(4) NOT NULL,
  `province_id` int(4) NOT NULL,
  `title` varchar(150) COLLATE utf8_unicode_ci NOT NULL,
  `position` int(4) NOT NULL,
  `status` char(1) COLLATE utf8_unicode_ci NOT NULL DEFAULT 'A',
  PRIMARY KEY (`zone_id`)
) ENGINE=MyISAM  DEFAULT CHARSET=utf8 COLLATE=utf8_unicode_ci AUTO_INCREMENT=1096 ;

--
-- Dumping data for table `admin_country_zone`
--

INSERT INTO `admin_country_zone` (`zone_id`, `country_id`, `province_id`, `title`, `position`, `status`) VALUES
(61, 54, 2, '9 de Julio', 0, 'A'),
(60, 54, 2, '25 de Mayo', 0, 'A'),
(59, 54, 2, '16 de Julio', 0, 'A'),
(11, 54, 1, 'Agronom&iacute;a', 0, 'A'),
(12, 54, 1, 'Almagro', 0, 'A'),
(13, 54, 1, 'Balvanera', 0, 'A'),
(14, 54, 1, 'Barracas', 0, 'A'),
(15, 54, 1, 'Belgrano', 0, 'A'),
(16, 54, 1, 'Boedo', 0, 'A'),
(17, 54, 1, 'Caballito', 0, 'A'),
(18, 54, 1, 'Chacarita', 0, 'A'),
(19, 54, 1, 'Coghlan', 0, 'A'),
(20, 54, 1, 'Colegiales', 0, 'A'),
(21, 54, 1, 'Constituci&oacute;n', 0, 'A'),
(22, 54, 1, 'Flores', 0, 'A'),
(23, 54, 1, 'Floresta', 0, 'A'),
(24, 54, 1, 'La Boca', 0, 'A'),
(25, 54, 1, 'La Paternal', 0, 'A'),
(26, 54, 1, 'Liniers', 0, 'A'),
(27, 54, 1, 'Mataderos', 0, 'A'),
(28, 54, 1, 'Monte Castro', 0, 'A'),
(29, 54, 1, 'Monserrat', 0, 'A'),
(30, 54, 1, 'Nueva Pompeya', 0, 'A'),
(31, 54, 1, 'N&uacute;&ntilde;ez', 0, 'A'),
(32, 54, 1, 'Palermo', 0, 'A'),
(33, 54, 1, 'Parque Avellaneda', 0, 'A'),
(34, 54, 1, 'Parque Chacabuco', 0, 'A'),
(35, 54, 1, 'Parque Chas', 0, 'A'),
(36, 54, 1, 'Parque Patricios', 0, 'A'),
(37, 54, 1, 'Puerto Madero', 0, 'A'),
(38, 54, 1, 'Recoleta', 0, 'A'),
(39, 54, 1, 'Retiro', 0, 'A'),
(40, 54, 1, 'Saavedra', 0, 'A'),
(41, 54, 1, 'San Crist&oacute;bal', 0, 'A'),
(42, 54, 1, 'San Nicol&aacute;s', 0, 'A'),
(43, 54, 1, 'San Telmo', 0, 'A'),
(44, 54, 1, 'V&eacute;lez S&aacute;rsfield', 0, 'A'),
(45, 54, 1, 'Versalles', 0, 'A'),
(46, 54, 1, 'Villa Crespo', 0, 'A'),
(47, 54, 1, 'Villa del Parque', 0, 'A'),
(48, 54, 1, 'Villa Devoto', 0, 'A'),
(49, 54, 1, 'Villa Gral. Mitre', 0, 'A'),
(50, 54, 1, 'Villa Lugano', 0, 'A'),
(51, 54, 1, 'Villa Luro', 0, 'A'),
(52, 54, 1, 'Villa Ort&uacute;zar', 0, 'A'),
(53, 54, 1, 'Villa Pueyrred&oacute;n', 0, 'A'),
(54, 54, 1, 'Villa Real', 0, 'A'),
(55, 54, 1, 'Villa Riachuelo', 0, 'A'),
(56, 54, 1, 'Villa Santa Rita', 0, 'A'),
(57, 54, 1, 'Villa Soldati', 0, 'A'),
(58, 54, 1, 'Villa Urquiza', 0, 'A'),
(62, 54, 2, 'Acevedo', 0, 'A'),
(63, 54, 2, 'Adela', 0, 'A'),
(64, 54, 2, 'Adolfo Gonz&aacute;les Chaves', 0, 'A'),
(65, 54, 2, 'Aeroparque', 0, 'A'),
(66, 54, 2, 'Agustina', 0, 'A'),
(67, 54, 2, 'Alberti', 0, 'A'),
(68, 54, 2, 'Am&eacute;rica', 0, 'A'),
(69, 54, 2, 'Andant', 0, 'A'),
(70, 54, 2, 'Anderson', 0, 'A'),
(71, 54, 2, 'Acassuso', 0, 'A'),
(72, 54, 2, 'Arboledas', 0, 'A'),
(73, 54, 2, 'Arenaza', 0, 'A'),
(74, 54, 2, 'Arrecifes', 0, 'A'),
(75, 54, 2, 'Arribe&ntilde;os', 0, 'A'),
(76, 54, 2, 'Arroyo Dulce', 0, 'A'),
(77, 54, 2, 'Ascensi&oacute;n', 0, 'A'),
(78, 54, 2, 'Atalaya', 0, 'A'),
(79, 54, 2, 'Avestruz', 0, 'A'),
(80, 54, 2, 'Ayacucho', 0, 'A'),
(81, 54, 2, 'Avellaneda', 0, 'A'),
(82, 54, 2, 'Azul', 0, 'A'),
(83, 54, 2, 'Bah&iacute;a Blanca', 0, 'A'),
(84, 54, 2, 'Balcarce', 0, 'A'),
(85, 54, 2, 'Baln. San Cayetano', 0, 'A'),
(86, 54, 2, 'Balneario Orense', 0, 'A'),
(87, 54, 2, 'Balneario Oriente', 0, 'A'),
(88, 54, 2, 'Banderal&oacute;', 0, 'A'),
(89, 54, 2, 'Baradero', 0, 'A'),
(90, 54, 2, 'Barker', 0, 'A'),
(91, 54, 2, 'Bat&aacute;n', 0, 'A'),
(92, 54, 2, 'Bel&eacute;n de Escobar', 0, 'A'),
(93, 54, 2, 'Benito Ju&aacute;rez', 0, 'A'),
(94, 54, 2, 'Berisso', 0, 'A'),
(95, 54, 2, 'Berutti', 0, 'A'),
(96, 54, 2, 'Blancagrande', 0, 'A'),
(97, 54, 2, 'Banfield', 0, 'A'),
(98, 54, 2, 'Barrio Aeron&aacute;utico', 0, 'A'),
(99, 54, 2, 'Barrio Parque General San Mart&iacute;n', 0, 'A'),
(100, 54, 2, 'B&eacute;ccar', 0, 'A'),
(101, 54, 2, 'Bella Vista', 0, 'A'),
(102, 54, 2, 'Bernal', 0, 'A'),
(103, 54, 2, 'Billinghurst', 0, 'A'),
(104, 54, 2, 'Blaquier', 0, 'A'),
(105, 54, 2, 'Bocayuva', 0, 'A'),
(106, 54, 2, 'Bordenave', 0, 'A'),
(107, 54, 2, 'Bragado', 0, 'A'),
(108, 54, 2, 'Brandsen', 0, 'A'),
(109, 54, 2, 'Buenos Aires', 0, 'A'),
(110, 54, 2, 'Cachar&iacute;', 0, 'A'),
(111, 54, 2, 'Calfucur&aacute;', 0, 'A'),
(112, 54, 2, 'Camet', 0, 'A'),
(113, 54, 2, 'Campana', 0, 'A'),
(114, 54, 2, 'Campod&oacute;nico', 0, 'A'),
(115, 54, 2, 'Campos Salles', 0, 'A'),
(116, 54, 2, 'Boulogne', 0, 'A'),
(117, 54, 2, 'Campo de Mayo', 0, 'A'),
(118, 54, 2, 'Cangallo', 0, 'A'),
(119, 54, 2, 'Ca&ntilde;ada Seca', 0, 'A'),
(120, 54, 2, 'Ca&ntilde;uelas', 0, 'A'),
(121, 54, 2, 'Capilla del Se&ntilde;or', 0, 'A'),
(122, 54, 2, 'Capit&aacute;n Sarmiento', 0, 'A'),
(123, 54, 2, 'Carabelas', 0, 'A'),
(124, 54, 2, 'Carhu&eacute;', 0, 'A'),
(125, 54, 2, 'Caril&oacute;', 0, 'A'),
(126, 54, 2, 'Carlos Casares', 0, 'A'),
(127, 54, 2, 'Carlos Tejedor', 0, 'A'),
(128, 54, 2, 'Carmen de Areco', 0, 'A'),
(129, 54, 2, 'Carmen de Patagones', 0, 'A'),
(130, 54, 2, 'Carapachay', 0, 'A'),
(131, 54, 2, 'Casalins', 0, 'A'),
(132, 54, 2, 'Casbas', 0, 'A'),
(133, 54, 2, 'Castelar', 0, 'A'),
(134, 54, 2, 'Castelli', 0, 'A'),
(135, 54, 2, 'Cerrito', 0, 'A'),
(136, 54, 2, 'Chacabuco', 0, 'A'),
(137, 54, 2, 'Chapadmalal', 0, 'A'),
(138, 54, 2, 'Chapaleofu', 0, 'A'),
(139, 54, 2, 'Chascom&uacute;s', 0, 'A'),
(140, 54, 2, 'Chasic&oacute;', 0, 'A'),
(141, 54, 2, 'Chiclana', 0, 'A'),
(142, 54, 2, 'Chillar', 0, 'A'),
(143, 54, 2, 'Caseros', 0, 'A'),
(144, 54, 2, 'Castelar', 0, 'A'),
(145, 54, 2, 'Chilavert', 0, 'A'),
(146, 54, 2, 'Chivilcoy', 0, 'A'),
(147, 54, 2, 'Claraz', 0, 'A'),
(148, 54, 2, 'Claromec&oacute;', 0, 'A'),
(149, 54, 2, 'Cnel. Rodolfo Bunge', 0, 'A'),
(150, 54, 2, 'Cobo', 0, 'A'),
(151, 54, 2, 'Coliqueo', 0, 'A'),
(152, 54, 2, 'Col&oacute;n', 0, 'A'),
(153, 54, 2, 'Condarco', 0, 'A'),
(154, 54, 2, 'Conesa', 0, 'A'),
(155, 54, 2, 'Copetonas', 0, 'A'),
(156, 54, 2, 'Corazzi', 0, 'A'),
(157, 54, 2, 'Coronel Charlone', 0, 'A'),
(158, 54, 2, 'Churruca', 0, 'A'),
(159, 54, 2, 'Ciudad del Libertador General Jos&eacute; de San Mart&iacute;n', 0, 'A'),
(160, 54, 2, 'Ciudad Jard&iacute;n El Libertador', 0, 'A'),
(161, 54, 2, 'Ciudad Jard&iacute;n Lomas del Palomar', 0, 'A'),
(162, 54, 2, 'Ciudadela', 0, 'A'),
(163, 54, 2, 'Coronel Dorrego', 0, 'A'),
(164, 54, 2, 'Coronel Mart&iacute;nez de Hoz', 0, 'A'),
(165, 54, 2, 'Coronel Pringles', 0, 'A'),
(166, 54, 2, 'Coronel Su&aacute;rez', 0, 'A'),
(167, 54, 2, 'Coronel Vidal', 0, 'A'),
(168, 54, 2, 'Cristiano Muerto', 0, 'A'),
(169, 54, 2, 'Crotto', 0, 'A'),
(170, 54, 2, 'Cura Malal', 0, 'A'),
(171, 54, 2, 'Curar&uacute;', 0, 'A'),
(172, 54, 2, 'Daireaux', 0, 'A'),
(173, 54, 2, 'Darregueira', 0, 'A'),
(174, 54, 2, 'De La Canal', 0, 'A'),
(175, 54, 2, 'Crucecita', 0, 'A'),
(176, 54, 2, 'Del Viso', 0, 'A'),
(177, 54, 2, 'Dolores', 0, 'A'),
(178, 54, 2, 'Don Torcuato', 0, 'A'),
(179, 54, 2, 'D''Orbigny', 0, 'A'),
(180, 54, 2, 'Doyle', 0, 'A'),
(181, 54, 2, 'Dura&ntilde;ona', 0, 'A'),
(182, 54, 2, 'Ega&ntilde;a', 0, 'A'),
(183, 54, 2, 'El Arbolito', 0, 'A'),
(184, 54, 2, 'El Divisorio', 0, 'A'),
(185, 54, 2, 'El Lenguaraz', 0, 'A'),
(186, 54, 2, 'El Mangrullo', 0, 'A'),
(187, 54, 2, 'El Palomar', 0, 'A'),
(188, 54, 2, 'Dock Sud', 0, 'A'),
(189, 54, 2, 'Don Bosco', 0, 'A'),
(190, 54, 2, 'El Libertador', 0, 'A'),
(191, 54, 2, 'El Palomar', 0, 'A'),
(192, 54, 2, 'El Para&iacute;so', 0, 'A'),
(193, 54, 2, 'El Pensamiento', 0, 'A'),
(194, 54, 2, 'El Socorro', 0, 'A'),
(195, 54, 2, 'El Tejar', 0, 'A'),
(196, 54, 2, 'El Triunfo', 0, 'A'),
(197, 54, 2, 'Elvira', 0, 'A'),
(198, 54, 2, 'Emilio V. Bunge', 0, 'A'),
(199, 54, 2, 'Energ&iacute;a', 0, 'A'),
(200, 54, 2, 'Ensenada', 0, 'A'),
(201, 54, 2, 'Espartillar', 0, 'A'),
(202, 54, 2, 'Espigas', 0, 'A'),
(203, 54, 2, 'Estomba', 0, 'A'),
(204, 54, 2, 'El Pilar', 0, 'A'),
(205, 54, 2, 'Ezeiza', 0, 'A'),
(206, 54, 2, 'Facundo Quiroga', 0, 'A'),
(207, 54, 2, 'Faro', 0, 'A'),
(208, 54, 2, 'Fatral&oacute;', 0, 'A'),
(209, 54, 2, 'Felipe Sol&aacute;', 0, 'A'),
(210, 54, 2, 'Ferr&eacute;', 0, 'A'),
(211, 54, 2, 'Florentino Ameghino', 0, 'A'),
(212, 54, 2, 'Fontezuela', 0, 'A'),
(213, 54, 2, 'Fulton', 0, 'A'),
(214, 54, 2, 'Gral. Alvear', 0, 'A'),
(215, 54, 2, 'Gral. Arenales', 0, 'A'),
(216, 54, 2, 'Gral. Belgrano', 0, 'A'),
(217, 54, 2, 'Ezpeleta', 0, 'A'),
(218, 54, 2, 'Florida Oeste', 0, 'A'),
(219, 54, 2, 'Gerli', 0, 'A'),
(220, 54, 2, 'Girondo', 0, 'A'),
(221, 54, 2, 'Gob. Castro', 0, 'A'),
(222, 54, 2, 'Gonz&aacute;lez Moreno', 0, 'A'),
(223, 54, 2, 'Gorchs', 0, 'A'),
(224, 54, 2, 'Guamin&iacute;', 0, 'A'),
(225, 54, 2, 'Guerrero', 0, 'A'),
(226, 54, 2, 'Guerrico', 0, 'A'),
(227, 54, 2, 'Henderson', 0, 'A'),
(228, 54, 2, 'Hortensia', 0, 'A'),
(229, 54, 2, 'Huanguel&eacute;n', 0, 'A'),
(230, 54, 2, 'Hunter', 0, 'A'),
(231, 54, 2, 'Ib&aacute;&ntilde;ez', 0, 'A'),
(232, 54, 2, 'Gral. Conesa', 0, 'A'),
(233, 54, 2, 'Gral. Guido', 0, 'A'),
(234, 54, 2, 'Gral. La Madrid', 0, 'A'),
(235, 54, 2, 'Gral. Las Heras', 0, 'A'),
(236, 54, 2, 'Gral. Lavalle', 0, 'A'),
(237, 54, 2, 'Gral. Madariaga', 0, 'A'),
(238, 54, 2, 'Gral. Pinto', 0, 'A'),
(239, 54, 2, 'Gral. Pir&aacute;n', 0, 'A'),
(240, 54, 2, 'Gral. Rojo', 0, 'A'),
(241, 54, 2, 'Gral. Viamonte', 0, 'A'),
(242, 54, 2, 'Gral. Villegas', 0, 'A'),
(243, 54, 2, 'Gil', 0, 'A'),
(244, 54, 2, 'Grand Bourg', 0, 'A'),
(245, 54, 2, 'Haedo', 0, 'A'),
(246, 54, 2, 'Hurlingham', 0, 'A'),
(247, 54, 2, 'Indio Rico', 0, 'A'),
(248, 54, 2, 'In&eacute;s Indart', 0, 'A'),
(249, 54, 2, 'Irala', 0, 'A'),
(250, 54, 2, 'Irineo Portela', 0, 'A'),
(251, 54, 2, 'Jos&eacute; C. Paz', 0, 'A'),
(252, 54, 2, 'Juan A. de la Pe&ntilde;a', 0, 'A'),
(253, 54, 2, 'Juan Bautista Alberdi', 0, 'A'),
(254, 54, 2, 'Juan E. Barra', 0, 'A'),
(255, 54, 2, 'Juan Jos&eacute; Paso', 0, 'A'),
(256, 54, 2, 'Juan N. Fern&aacute;ndez', 0, 'A'),
(257, 54, 2, 'Jun&iacute;n', 0, 'A'),
(258, 54, 2, 'La Emilia', 0, 'A'),
(259, 54, 2, 'Ingeniero Adolfo Sourdeaux', 0, 'A'),
(260, 54, 2, 'Ingeniero Pablo Nogu&eacute;s', 0, 'A'),
(261, 54, 2, 'Iparraguirre', 0, 'A'),
(262, 54, 2, 'Ituzaing&oacute;', 0, 'A'),
(263, 54, 2, 'Jos&eacute; Ingenieros', 0, 'A'),
(264, 54, 2, 'Jos&eacute; Le&oacute;n Su&aacute;rez', 0, 'A'),
(265, 54, 2, 'La Lucila', 0, 'A'),
(266, 54, 2, 'La Plata', 0, 'A'),
(267, 54, 2, 'La Porte&ntilde;a', 0, 'A'),
(268, 54, 2, 'La Reforma', 0, 'A'),
(269, 54, 2, 'La Trinidad', 0, 'A'),
(270, 54, 2, 'La Violeta', 0, 'A'),
(271, 54, 2, 'Labard&eacute;n', 0, 'A'),
(272, 54, 2, 'Lan&uacute;s', 0, 'A'),
(273, 54, 2, 'Laprida', 0, 'A'),
(274, 54, 2, 'Lartigau', 0, 'A'),
(275, 54, 2, 'Las Armas', 0, 'A'),
(276, 54, 2, 'Las Flores', 0, 'A'),
(277, 54, 2, 'Las Martinetas', 0, 'A'),
(278, 54, 2, 'Lan&uacute;s Este', 0, 'A'),
(279, 54, 2, 'Lan&uacute;s Oeste', 0, 'A'),
(280, 54, 2, 'Las Naciones', 0, 'A'),
(281, 54, 2, 'Las Toscas', 0, 'A'),
(282, 54, 2, 'Lazzarino', 0, 'A'),
(283, 54, 2, 'Leubuc&oacute;', 0, 'A'),
(284, 54, 2, 'Lincoln', 0, 'A'),
(285, 54, 2, 'Lober&iacute;a', 0, 'A'),
(286, 54, 2, 'Lobos', 0, 'A'),
(287, 54, 2, 'Loma Negra', 0, 'A'),
(288, 54, 2, 'Los Indios', 0, 'A'),
(289, 54, 2, 'Los Pinos', 0, 'A'),
(290, 54, 2, 'Luj&aacute;n', 0, 'A'),
(291, 54, 2, 'Luro', 0, 'A'),
(292, 54, 2, 'Macedo', 0, 'A'),
(293, 54, 2, 'Llavallol', 0, 'A'),
(294, 54, 2, 'Loma Hermosa', 0, 'A'),
(295, 54, 2, 'Lomas de Zamora', 0, 'A'),
(296, 54, 2, 'Los Polvorines', 0, 'A'),
(297, 54, 2, 'Magdalena', 0, 'A'),
(298, 54, 2, 'Maip&uacute;', 0, 'A'),
(299, 54, 2, 'Manantiales', 0, 'A'),
(300, 54, 2, 'Manuel Ocampo', 0, 'A'),
(301, 54, 2, 'Mar Chiquita', 0, 'A'),
(302, 54, 2, 'Mar de Aj&oacute;', 0, 'A'),
(303, 54, 2, 'Mar de las Pampas', 0, 'A'),
(304, 54, 2, 'Mar del Plata', 0, 'A'),
(305, 54, 2, 'Mar del Sur', 0, 'A'),
(306, 54, 2, 'Mar del Tuy&uacute;', 0, 'A'),
(307, 54, 2, 'Mar&iacute;a Ignacia', 0, 'A'),
(308, 54, 2, 'Mariano Benitez', 0, 'A'),
(309, 54, 2, 'Malaver', 0, 'A'),
(310, 54, 2, 'Malvinas Argentinas', 0, 'A'),
(311, 54, 2, 'Mariano H. Alfonzo', 0, 'A'),
(312, 54, 2, 'Mart&iacute;n Fierro', 0, 'A'),
(313, 54, 2, 'Marucha', 0, 'A'),
(314, 54, 2, 'Masurel', 0, 'A'),
(315, 54, 2, 'Maza', 0, 'A'),
(316, 54, 2, 'Mechongue', 0, 'A'),
(317, 54, 2, 'M&eacute;danos', 0, 'A'),
(318, 54, 2, 'Mercedes', 0, 'A'),
(319, 54, 2, 'Miramar', 0, 'A'),
(320, 54, 2, 'Miranda', 0, 'A'),
(321, 54, 2, 'Moctezuma', 0, 'A'),
(322, 54, 2, 'Monasterio', 0, 'A'),
(323, 54, 2, 'Mart&iacute;n Coronado', 0, 'A'),
(324, 54, 2, 'Mart&iacute;nez', 0, 'A'),
(325, 54, 2, 'Monsalvo', 0, 'A'),
(326, 54, 2, 'Monte Hermoso', 0, 'A'),
(327, 54, 2, 'Morea', 0, 'A'),
(328, 54, 2, 'Moreno', 0, 'A'),
(329, 54, 2, 'Mor&oacute;n', 0, 'A'),
(330, 54, 2, 'Mu&ntilde;oz', 0, 'A'),
(331, 54, 2, 'Napaleof&uacute;', 0, 'A'),
(332, 54, 2, 'Navarro', 0, 'A'),
(333, 54, 2, 'Necochea', 0, 'A'),
(334, 54, 2, 'Nicol&aacute;s Descalzi', 0, 'A'),
(335, 54, 2, 'Nieves', 0, 'A'),
(336, 54, 2, 'Norberto De la Riestra', 0, 'A'),
(337, 54, 2, 'Monte Chingolo', 0, 'A'),
(338, 54, 2, 'Mor&oacute;n', 0, 'A'),
(339, 54, 2, 'Munro', 0, 'A'),
(340, 54, 2, 'Mu&ntilde;iz', 0, 'A'),
(341, 54, 2, 'Ochand&iacute;o', 0, 'A'),
(342, 54, 2, 'Olascoaga', 0, 'A'),
(343, 54, 2, 'Olavarr&iacute;a', 0, 'A'),
(344, 54, 2, 'Olivera', 0, 'A'),
(345, 54, 2, 'Omb&uacute;', 0, 'A'),
(346, 54, 2, 'Orense', 0, 'A'),
(347, 54, 2, 'Oto&ntilde;o', 0, 'A'),
(348, 54, 2, 'Pardo', 0, 'A'),
(349, 54, 2, 'Parish', 0, 'A'),
(350, 54, 2, 'Paso Mayor', 0, 'A'),
(351, 54, 2, 'Pasteur', 0, 'A'),
(352, 54, 2, 'Pehuaj&oacute;', 0, 'A'),
(353, 54, 2, 'Once de Septiembre', 0, 'A'),
(354, 54, 2, 'Pablo Podest&aacute;', 0, 'A'),
(355, 54, 2, 'Parque Leloir', 0, 'A'),
(356, 54, 2, 'Parque San Antonio', 0, 'A'),
(357, 54, 2, 'Pehuelches', 0, 'A'),
(358, 54, 2, 'Pehuen-C&oacute;', 0, 'A'),
(359, 54, 2, 'Pellegrini', 0, 'A'),
(360, 54, 2, 'P&eacute;rez Mill&aacute;n', 0, 'A'),
(361, 54, 2, 'Pergamino', 0, 'A'),
(362, 54, 2, 'Pichincha', 0, 'A'),
(363, 54, 2, 'Piedra Echada', 0, 'A'),
(364, 54, 2, 'Pigü&eacute;', 0, 'A'),
(365, 54, 2, 'Pilar', 0, 'A'),
(366, 54, 2, 'Pinamar', 0, 'A'),
(367, 54, 2, 'Pinz&oacute;n', 0, 'A'),
(368, 54, 2, 'Pi&ntilde;eyro', 0, 'A'),
(369, 54, 2, 'Pipinas', 0, 'A'),
(370, 54, 2, 'Pirovano', 0, 'A'),
(371, 54, 2, 'Polvaredas', 0, 'A'),
(372, 54, 2, 'Pontaut', 0, 'A'),
(373, 54, 2, 'Puan', 0, 'A'),
(374, 54, 2, 'Punta Alta', 0, 'A'),
(375, 54, 2, 'Punta Indio', 0, 'A'),
(376, 54, 2, 'Quenum&aacute;', 0, 'A'),
(377, 54, 2, 'Quequ&eacute;n', 0, 'A'),
(378, 54, 2, 'Rafael Obligado', 0, 'A'),
(379, 54, 2, 'Ramallo', 0, 'A'),
(380, 54, 2, 'Rancagua', 0, 'A'),
(381, 54, 2, 'Ranchos', 0, 'A'),
(382, 54, 2, 'Rauch', 0, 'A'),
(383, 54, 2, 'Raulet', 0, 'A'),
(384, 54, 2, 'Recalde', 0, 'A'),
(385, 54, 2, 'Reta', 0, 'A'),
(386, 54, 2, 'Rivadavia', 0, 'A'),
(387, 54, 2, 'Rivera', 0, 'A'),
(388, 54, 2, 'Roberts', 0, 'A'),
(389, 54, 2, 'Rojas', 0, 'A'),
(390, 54, 2, 'Roque P&eacute;rez', 0, 'A'),
(391, 54, 2, 'Saavedra', 0, 'A'),
(392, 54, 2, 'Saladillo', 0, 'A'),
(393, 54, 2, 'Remedios de Escalada', 0, 'A'),
(394, 54, 2, 'S&aacute;enz Pe&ntilde;a', 0, 'A'),
(395, 54, 2, 'Salazar', 0, 'A'),
(396, 54, 2, 'Salliquel&oacute;', 0, 'A'),
(397, 54, 2, 'Salto', 0, 'A'),
(398, 54, 2, 'San Andr&eacute;s de Giles', 0, 'A'),
(399, 54, 2, 'San Antonio de Areco', 0, 'A'),
(400, 54, 2, 'San Bernardo', 0, 'A'),
(401, 54, 2, 'San Carlos de Bol&iacute;var', 0, 'A'),
(402, 54, 2, 'San Cayetano', 0, 'A'),
(403, 54, 2, 'San Clemente del Tuy&uacute;', 0, 'A'),
(404, 54, 2, 'San Fernando', 0, 'A'),
(405, 54, 2, 'San Germ&aacute;n', 0, 'A'),
(406, 54, 2, 'San Jorge', 0, 'A'),
(407, 54, 2, 'San Alberto', 0, 'A'),
(408, 54, 2, 'San Andr&eacute;s', 0, 'A'),
(409, 54, 2, 'San Francisco Solano', 0, 'A'),
(410, 54, 2, 'San Isidro', 0, 'A'),
(411, 54, 2, 'San Jos&eacute;', 0, 'A'),
(412, 54, 2, 'San Justo', 0, 'A'),
(413, 54, 2, 'San Manuel', 0, 'A'),
(414, 54, 2, 'San Miguel', 0, 'A'),
(415, 54, 2, 'San Miguel del Monte', 0, 'A'),
(416, 54, 2, 'San Nicol&aacute;s de los Arroyos', 0, 'A'),
(417, 54, 2, 'San Pedro', 0, 'A'),
(418, 54, 2, 'Santa Clara del Mar', 0, 'A'),
(419, 54, 2, 'Santa Teresita', 0, 'A'),
(420, 54, 2, 'Santo Domingo', 0, 'A'),
(421, 54, 2, 'Santos Unzu&eacute;', 0, 'A'),
(422, 54, 2, 'Segurola', 0, 'A'),
(423, 54, 2, 'Santa Mar&iacute;a', 0, 'A'),
(424, 54, 2, 'Santos Lugares', 0, 'A'),
(425, 54, 2, 'Sarand&iacute; Villa Dom&iacute;nico', 0, 'A'),
(426, 54, 2, 'Shaw', 0, 'A'),
(427, 54, 2, 'Sierra de la Ventana', 0, 'A'),
(428, 54, 2, 'Sierra de los Padres', 0, 'A'),
(429, 54, 2, 'Sierras Bayas', 0, 'A'),
(430, 54, 2, 'Solanet', 0, 'A'),
(431, 54, 2, 'Suipacha', 0, 'A'),
(432, 54, 2, 'Tamanguey&uacute;', 0, 'A'),
(433, 54, 2, 'Tandil', 0, 'A'),
(434, 54, 2, 'Tapalqu&eacute;', 0, 'A'),
(435, 54, 2, 'Ted&iacute;n Uriburu', 0, 'A'),
(436, 54, 2, 'Teniente Origone', 0, 'A'),
(437, 54, 2, 'Tigre', 0, 'A'),
(438, 54, 2, 'Temperley', 0, 'A'),
(439, 54, 2, 'Tierras Altas', 0, 'A'),
(440, 54, 2, 'Todd', 0, 'A'),
(441, 54, 2, 'Tornquist', 0, 'A'),
(442, 54, 2, 'Treinta de Agosto', 0, 'A'),
(443, 54, 2, 'Trenque Lauquen', 0, 'A'),
(444, 54, 2, 'Tres Algarrobos', 0, 'A'),
(445, 54, 2, 'Tres Arroyos', 0, 'A'),
(446, 54, 2, 'Tres Lomas', 0, 'A'),
(447, 54, 2, 'Tres Picos', 0, 'A'),
(448, 54, 2, 'Urdampilleta', 0, 'A'),
(449, 54, 2, 'Valdes', 0, 'A'),
(450, 54, 2, 'Valeria del Mar', 0, 'A'),
(451, 54, 2, 'Vallimanca', 0, 'A'),
(452, 54, 2, 'Tortuguitas', 0, 'A'),
(453, 54, 2, 'Turdera', 0, 'A'),
(454, 54, 2, 'Valent&iacute;n Alsina', 0, 'A'),
(455, 54, 2, 'Vazquez', 0, 'A'),
(456, 54, 2, 'Ver&oacute;nica', 0, 'A'),
(457, 54, 2, 'V&iacute;boras', 0, 'A'),
(458, 54, 2, 'Victorino de la Plaza', 0, 'A'),
(459, 54, 2, 'Vieytes', 0, 'A'),
(460, 54, 2, 'Vilela', 0, 'A'),
(461, 54, 2, 'Villa Cacique', 0, 'A'),
(462, 54, 2, 'Villa Gesell', 0, 'A'),
(463, 54, 2, 'Villa Maza', 0, 'A'),
(464, 54, 2, 'Villanueva', 0, 'A'),
(465, 54, 2, 'Vi&ntilde;a', 0, 'A'),
(466, 54, 2, 'Yerbas', 0, 'A'),
(467, 54, 2, 'Vicente L&oacute;pez Villa Martelli Florida', 0, 'A'),
(468, 54, 2, 'Villa Adelina', 0, 'A'),
(469, 54, 2, 'Villa Alberdi', 0, 'A'),
(470, 54, 2, 'Villa Ariza', 0, 'A'),
(471, 54, 2, 'Villa Ballester', 0, 'A'),
(472, 54, 2, 'Villa Bosch', 0, 'A'),
(473, 54, 2, 'Villa Centenario', 0, 'A'),
(474, 54, 2, 'Villa de Mayo', 0, 'A'),
(475, 54, 2, 'Villa Fiorito', 0, 'A'),
(476, 54, 2, 'Villa La Florida', 0, 'A'),
(477, 54, 2, 'Villa Le&oacute;n', 0, 'A'),
(478, 54, 2, 'Villa Libertad', 0, 'A'),
(479, 54, 2, 'Villa Lynch', 0, 'A'),
(480, 54, 2, 'Villa Maip&uacute;', 0, 'A'),
(481, 54, 2, 'Villa Raffo', 0, 'A'),
(482, 54, 2, 'Villa Sarmiento Quilmes', 0, 'A'),
(483, 54, 2, 'Villa Tesei', 0, 'A'),
(484, 54, 2, 'Villa Udaondo', 0, 'A'),
(485, 54, 2, 'Wilde', 0, 'A'),
(486, 54, 2, 'William C. Morris', 0, 'A'),
(487, 54, 2, 'Z&aacute;rate', 0, 'A'),
(489, 54, 24, 'Ancasti', 0, 'A'),
(490, 54, 24, 'Andalgal&aacute;', 0, 'A'),
(491, 54, 24, 'Catamarca', 0, 'A'),
(492, 54, 24, 'Recreo', 0, 'A'),
(493, 54, 24, 'San Mart&iacute;n', 0, 'A'),
(494, 54, 24, 'Tapso', 0, 'A'),
(495, 54, 24, 'Tinogasta', 0, 'A'),
(496, 54, 7, 'Charadai', 0, 'A'),
(497, 54, 7, 'Charata', 0, 'A'),
(498, 54, 7, 'Colonias Unidas', 0, 'A'),
(499, 54, 7, 'Concepci&oacute;n del Bermejo', 0, 'A'),
(500, 54, 7, 'Corzuela', 0, 'A'),
(501, 54, 7, 'Gancedo', 0, 'A'),
(502, 54, 7, 'Gral. Capdevila', 0, 'A'),
(503, 54, 7, 'Gral. Jos&eacute; de San Mart&iacute;n', 0, 'A'),
(504, 54, 7, 'Gral. Pinedo', 0, 'A'),
(505, 54, 7, 'Juan Jos&eacute; Castelli', 0, 'A'),
(506, 54, 7, 'La Leonesa', 0, 'A'),
(507, 54, 7, 'Las Bre&ntilde;as', 0, 'A'),
(508, 54, 7, 'Los Frentones', 0, 'A'),
(509, 54, 7, 'Machagai', 0, 'A'),
(510, 54, 7, 'Pampa del Infierno', 0, 'A'),
(511, 54, 7, 'Pres. de la Plaza', 0, 'A'),
(512, 54, 7, 'Pres. R. Saenz Pe&ntilde;a', 0, 'A'),
(513, 54, 7, 'Quitilipi', 0, 'A'),
(514, 54, 7, 'Resistencia', 0, 'A'),
(515, 54, 7, 'R&iacute;o Muerto', 0, 'A'),
(516, 54, 7, 'Taco Pozo', 0, 'A'),
(517, 54, 7, 'Tres Estacas', 0, 'A'),
(518, 54, 7, 'Villa Angela', 0, 'A'),
(519, 54, 7, 'Villa Berthet', 0, 'A'),
(520, 54, 21, 'Camarones', 0, 'A'),
(521, 54, 21, 'Comodoro Rivadavia', 0, 'A'),
(522, 54, 21, 'Esquel', 0, 'A'),
(523, 54, 21, 'La Hoya', 0, 'A'),
(524, 54, 21, 'Lago Puelo', 0, 'A'),
(525, 54, 21, 'Paso de Indios', 0, 'A'),
(526, 54, 21, 'Puerto Madryn', 0, 'A'),
(527, 54, 21, 'Puerto Pir&aacute;mides', 0, 'A'),
(528, 54, 21, 'Rawson', 0, 'A'),
(529, 54, 21, 'R&iacute;o Mayo', 0, 'A'),
(530, 54, 21, 'Sarmiento', 0, 'A'),
(531, 54, 21, 'Trelew', 0, 'A'),
(532, 54, 21, 'Trevelin', 0, 'A'),
(533, 54, 9, 'Achiras', 0, 'A'),
(534, 54, 9, 'Adelia Mar&iacute;a', 0, 'A'),
(535, 54, 9, 'Agua de Oro', 0, 'A'),
(536, 54, 9, 'Alcira', 0, 'A'),
(537, 54, 9, 'Alejandro Roca', 0, 'A'),
(538, 54, 9, 'Alicia', 0, 'A'),
(539, 54, 9, 'Almafuerte', 0, 'A'),
(540, 54, 9, 'Alpa Corral', 0, 'A'),
(541, 54, 9, 'Alta Gracia', 0, 'A'),
(542, 54, 9, 'Altos de Chipi&oacute;n', 0, 'A'),
(543, 54, 9, 'Amboy', 0, 'A'),
(544, 54, 9, 'Ambul', 0, 'A'),
(545, 54, 9, 'Ana Zumaran', 0, 'A'),
(546, 54, 9, 'Anisacate', 0, 'A'),
(547, 54, 9, 'Arias', 0, 'A'),
(548, 54, 9, 'Arroyito', 0, 'A'),
(549, 54, 9, 'Arroyo Algod&oacute;n', 0, 'A'),
(550, 54, 9, 'Arroyo Cabral', 0, 'A'),
(551, 54, 9, 'Arroyo de los Patos', 0, 'A'),
(552, 54, 9, 'Ascochinga', 0, 'A'),
(553, 54, 9, 'Athos Pampa', 0, 'A'),
(554, 54, 9, 'Ausonia', 0, 'A'),
(555, 54, 9, 'Ballesteros', 0, 'A'),
(556, 54, 9, 'Balnearia', 0, 'A'),
(557, 54, 9, 'Bell Ville', 0, 'A'),
(558, 54, 9, 'Bengolea', 0, 'A'),
(559, 54, 9, 'Berrotar&aacute;n', 0, 'A'),
(560, 54, 9, 'Bialet Mass&eacute;', 0, 'A'),
(561, 54, 9, 'Brinkmann', 0, 'A'),
(562, 54, 9, 'Buchardo', 0, 'A'),
(563, 54, 9, 'Bulnes', 0, 'A'),
(564, 54, 9, 'Calch&iacute;n', 0, 'A'),
(565, 54, 9, 'Canals', 0, 'A'),
(566, 54, 9, 'Ca&ntilde;ada de Luque', 0, 'A'),
(567, 54, 9, 'Ca&ntilde;ada de R&iacute;o Pinto', 0, 'A'),
(568, 54, 9, 'Capilla del Monte', 0, 'A'),
(569, 54, 9, 'Carnerillo', 0, 'A'),
(570, 54, 9, 'Cerro Colorado', 0, 'A'),
(571, 54, 9, 'Chaj&aacute;n', 0, 'A'),
(572, 54, 9, 'Characato', 0, 'A'),
(573, 54, 9, 'Charbonier', 0, 'A'),
(574, 54, 9, 'Charras', 0, 'A'),
(575, 54, 9, 'Chaz&oacute;n', 0, 'A'),
(576, 54, 9, 'Chilibroste', 0, 'A'),
(577, 54, 9, 'Chucul', 0, 'A'),
(578, 54, 9, 'Colonia Caroya', 0, 'A'),
(579, 54, 9, 'Colonia Las Pichanas', 0, 'A'),
(580, 54, 9, 'Colonia Marina', 0, 'A'),
(581, 54, 9, 'Colonia Prosperidad', 0, 'A'),
(582, 54, 9, 'Colonia San Bartolom&eacute;', 0, 'A'),
(583, 54, 9, 'Colonia Tirolesa', 0, 'A'),
(584, 54, 9, 'Colonia Valtelina', 0, 'A'),
(585, 54, 9, 'C&oacute;rdoba', 0, 'A'),
(586, 54, 9, 'C&oacute;rdoba (aeropuerto)', 0, 'A'),
(587, 54, 9, 'Coronel Baigorria', 0, 'A'),
(588, 54, 9, 'Coronel Moldes', 0, 'A'),
(589, 54, 9, 'Corral de Bustos', 0, 'A'),
(590, 54, 9, 'Cosqu&iacute;n', 0, 'A'),
(591, 54, 9, 'Costa Sacate', 0, 'A'),
(592, 54, 9, 'Cruz Alta', 0, 'A'),
(593, 54, 9, 'Cruz del Eje', 0, 'A'),
(594, 54, 9, 'Cuesta Blanca', 0, 'A'),
(595, 54, 9, 'De&aacute;n Funes', 0, 'A'),
(596, 54, 9, 'Del Campillo', 0, 'A'),
(597, 54, 9, 'Devoto', 0, 'A'),
(598, 54, 9, 'El Ara&ntilde;ado', 0, 'A'),
(599, 54, 9, 'El Durazno', 0, 'A'),
(600, 54, 9, 'El Fort&iacute;n', 0, 'A'),
(601, 54, 9, 'El T&iacute;o', 0, 'A'),
(602, 54, 9, 'Elena', 0, 'A'),
(603, 54, 9, 'Embalse', 0, 'A'),
(604, 54, 9, 'Esc. Aviacion', 0, 'A'),
(605, 54, 9, 'Estancia Vieja', 0, 'A'),
(606, 54, 9, 'Etruria', 0, 'A'),
(607, 54, 9, 'Freyre', 0, 'A'),
(608, 54, 9, 'Gral. Cabrera', 0, 'A'),
(609, 54, 9, 'Gral. Deheza', 0, 'A'),
(610, 54, 9, 'Gral. Levalle', 0, 'A'),
(611, 54, 9, 'Gral. Paz', 0, 'A'),
(612, 54, 9, 'Hernando', 0, 'A'),
(613, 54, 9, 'Holmberg', 0, 'A'),
(614, 54, 9, 'Huanchilla', 0, 'A'),
(615, 54, 9, 'Huerta Grande', 0, 'A'),
(616, 54, 9, 'Huinca Renanc&oacute;', 0, 'A'),
(617, 54, 9, 'Idiazabal', 0, 'A'),
(618, 54, 9, 'Inriville', 0, 'A'),
(619, 54, 9, 'Intiyaco', 0, 'A'),
(620, 54, 9, 'Ischil&iacute;n', 0, 'A'),
(621, 54, 9, 'Isla Verde', 0, 'A'),
(622, 54, 9, 'Ital&oacute;', 0, 'A'),
(623, 54, 9, 'Jes&uacute;s Mar&iacute;a', 0, 'A'),
(624, 54, 9, 'Jovita', 0, 'A'),
(625, 54, 9, 'Justiniano Posse', 0, 'A'),
(626, 54, 9, 'La Calera', 0, 'A'),
(627, 54, 9, 'La Carlota', 0, 'A'),
(628, 54, 9, 'La Cautiva', 0, 'A'),
(629, 54, 9, 'La Cesira', 0, 'A'),
(630, 54, 9, 'La Cruz', 0, 'A'),
(631, 54, 9, 'La Cumbre', 0, 'A'),
(632, 54, 9, 'La Falda', 0, 'A'),
(633, 54, 9, 'La Francia', 0, 'A'),
(634, 54, 9, 'La Gilda', 0, 'A'),
(635, 54, 9, 'La Granja', 0, 'A'),
(636, 54, 9, 'La Laguna', 0, 'A'),
(637, 54, 9, 'La Paisanita', 0, 'A'),
(638, 54, 9, 'La Palestina', 0, 'A'),
(639, 54, 9, 'La Paquita', 0, 'A'),
(640, 54, 9, 'La Para', 0, 'A'),
(641, 54, 9, 'La Playosa', 0, 'A'),
(642, 54, 9, 'La Poblaci&oacute;n', 0, 'A'),
(643, 54, 9, 'La Puerta', 0, 'A'),
(644, 54, 9, 'La Serranita', 0, 'A'),
(645, 54, 9, 'La Tordilla', 0, 'A'),
(646, 54, 9, 'Laborde', 0, 'A'),
(647, 54, 9, 'Laboulaye', 0, 'A'),
(648, 54, 9, 'Laguna Larga', 0, 'A'),
(649, 54, 9, 'Las Acequias', 0, 'A'),
(650, 54, 9, 'Las Albahacas', 0, 'A'),
(651, 54, 9, 'Las Higueras', 0, 'A'),
(652, 54, 9, 'Las Pe&ntilde;as', 0, 'A'),
(653, 54, 9, 'Las Pe&ntilde;as Sud', 0, 'A'),
(654, 54, 9, 'Las Perdices', 0, 'A'),
(655, 54, 9, 'Las Rabonas', 0, 'A'),
(656, 54, 9, 'Las Tapias', 0, 'A'),
(657, 54, 9, 'Las Varas', 0, 'A'),
(658, 54, 9, 'Las Varillas', 0, 'A'),
(659, 54, 9, 'Las Vertientes', 0, 'A'),
(660, 54, 9, 'Leguizam&oacute;n', 0, 'A'),
(661, 54, 9, 'Leones', 0, 'A'),
(662, 54, 9, 'Los Cerrillos', 0, 'A'),
(663, 54, 9, 'Los Cocos', 0, 'A'),
(664, 54, 9, 'Los Hornillos', 0, 'A'),
(665, 54, 9, 'Los Reartes', 0, 'A'),
(666, 54, 9, 'Los Surgentes', 0, 'A'),
(667, 54, 9, 'Los Zorros', 0, 'A'),
(668, 54, 9, 'Loza Corral', 0, 'A'),
(669, 54, 9, 'Malena', 0, 'A'),
(670, 54, 9, 'Marcos Ju&aacute;rez', 0, 'A'),
(671, 54, 9, 'Marull', 0, 'A'),
(672, 54, 9, 'Mattaldi', 0, 'A'),
(673, 54, 9, 'Mayu Sumaj', 0, 'A'),
(674, 54, 9, 'Melo', 0, 'A'),
(675, 54, 9, 'Mendiolaza', 0, 'A'),
(676, 54, 9, 'Mina Clavero', 0, 'A'),
(677, 54, 9, 'Miramar', 0, 'A'),
(678, 54, 9, 'Monte Buey', 0, 'A'),
(679, 54, 9, 'Monte Cristo', 0, 'A'),
(680, 54, 9, 'Monte de los Gauchos', 0, 'A'),
(681, 54, 9, 'Monte Ma&iacute;z', 0, 'A'),
(682, 54, 9, 'Morteros', 0, 'A'),
(683, 54, 9, 'Noetinger', 0, 'A'),
(684, 54, 9, 'Nono', 0, 'A'),
(685, 54, 9, 'Obispo Trejo', 0, 'A'),
(686, 54, 9, 'Olaeta', 0, 'A'),
(687, 54, 9, 'Oliva', 0, 'A'),
(688, 54, 9, 'Oncativo', 0, 'A'),
(689, 54, 9, 'Ongamira', 0, 'A'),
(690, 54, 9, 'Ordo&ntilde;ez', 0, 'A'),
(691, 54, 9, 'Pampa de Achala - El C&oacute;ndor', 0, 'A'),
(692, 54, 9, 'Pascanas', 0, 'A'),
(693, 54, 9, 'Pilar', 0, 'A'),
(694, 54, 9, 'Pinc&eacute;n', 0, 'A'),
(695, 54, 9, 'Porte&ntilde;a', 0, 'A'),
(696, 54, 9, 'Potrero de Garay', 0, 'A'),
(697, 54, 9, 'Pozo del Molle', 0, 'A'),
(698, 54, 9, 'Pueblo Italiano', 0, 'A'),
(699, 54, 9, 'Quebracho Herrado', 0, 'A'),
(700, 54, 9, 'Quilino', 0, 'A'),
(701, 54, 9, 'Reducci&oacute;n', 0, 'A'),
(702, 54, 9, 'R&iacute;o Bamba', 0, 'A'),
(703, 54, 9, 'R&iacute;o Ceballos', 0, 'A'),
(704, 54, 9, 'R&iacute;o Cuarto', 0, 'A'),
(705, 54, 9, 'R&iacute;o de los Sauces', 0, 'A'),
(706, 54, 9, 'R&iacute;o Primero', 0, 'A'),
(707, 54, 9, 'R&iacute;o Tercero', 0, 'A'),
(708, 54, 9, 'Rodeo Viejo', 0, 'A'),
(709, 54, 9, 'Rosales', 0, 'A'),
(710, 54, 9, 'Sacanta', 0, 'A'),
(711, 54, 9, 'Saira', 0, 'A'),
(712, 54, 9, 'Sald&aacute;n', 0, 'A'),
(713, 54, 9, 'Salsacate', 0, 'A'),
(714, 54, 9, 'Salsipuedes', 0, 'A'),
(715, 54, 9, 'Sampacho', 0, 'A'),
(716, 54, 9, 'San Antonio de Arredondo', 0, 'A'),
(717, 54, 9, 'San Antonio de Lit&iacute;n', 0, 'A'),
(718, 54, 9, 'San Basilio', 0, 'A'),
(719, 54, 9, 'San Clemente', 0, 'A'),
(720, 54, 9, 'San Esteban', 0, 'A'),
(721, 54, 9, 'San Francisco', 0, 'A'),
(722, 54, 9, 'San Joaquin', 0, 'A'),
(723, 54, 9, 'San Jos&eacute; de la Dormida', 0, 'A'),
(724, 54, 9, 'San Lorenzo', 0, 'A'),
(725, 54, 9, 'San Marcos Sierras', 0, 'A'),
(726, 54, 9, 'San Miguel de los R&iacute;os', 0, 'A'),
(727, 54, 9, 'San Roque', 0, 'A'),
(728, 54, 9, 'San Vicente', 0, 'A'),
(729, 54, 9, 'Santa Eufemia', 0, 'A'),
(730, 54, 9, 'Santa Mar&iacute;a de Punilla', 0, 'A'),
(731, 54, 9, 'Santa M&oacute;nica', 0, 'A'),
(732, 54, 9, 'Santa Rosa de Calamuchita', 0, 'A'),
(733, 54, 9, 'Santa Rosa de R&iacute;o Primero', 0, 'A'),
(734, 54, 9, 'Santiago Temple', 0, 'A'),
(735, 54, 9, 'Saturnino M. Laspiur', 0, 'A'),
(736, 54, 9, 'Seeber', 0, 'A'),
(737, 54, 9, 'Serrano', 0, 'A'),
(738, 54, 9, 'Silvio Pellico', 0, 'A'),
(739, 54, 9, 'Simbolar', 0, 'A'),
(740, 54, 9, 'Sinsacate', 0, 'A'),
(741, 54, 9, 'Suco', 0, 'A'),
(742, 54, 9, 'Tala Huasi', 0, 'A'),
(743, 54, 9, 'Tanti', 0, 'A'),
(744, 54, 9, 'Ticino', 0, 'A'),
(745, 54, 9, 'T&iacute;o Pujio', 0, 'A'),
(746, 54, 9, 'Toro Pujio', 0, 'A'),
(747, 54, 9, 'Tosquita', 0, 'A'),
(748, 54, 9, 'Totoral', 0, 'A'),
(749, 54, 9, 'Ucacha', 0, 'A'),
(750, 54, 9, 'Unquillo', 0, 'A'),
(751, 54, 9, 'Valle Hermoso', 0, 'A'),
(752, 54, 9, 'Vicu&ntilde;a Mackenna', 0, 'A'),
(753, 54, 9, 'Villa Allende', 0, 'A'),
(754, 54, 9, 'Villa Alpina', 0, 'A'),
(755, 54, 9, 'Villa Anim&iacute;', 0, 'A'),
(756, 54, 9, 'Villa Berna', 0, 'A'),
(757, 54, 9, 'Villa Carlos Paz', 0, 'A'),
(758, 54, 9, 'Villa Ciudad de Am&eacute;rica', 0, 'A'),
(759, 54, 9, 'Villa Concepci&oacute;n del T&iacute;o', 0, 'A'),
(760, 54, 9, 'Villa Cura Brochero', 0, 'A'),
(761, 54, 9, 'Villa de las Rosas', 0, 'A'),
(762, 54, 9, 'Villa de Mar&iacute;a del R&iacute;o Seco', 0, 'A'),
(763, 54, 9, 'Villa de Soto', 0, 'A'),
(764, 54, 9, 'Villa del Dique', 0, 'A'),
(765, 54, 9, 'Villa del Rosario', 0, 'A'),
(766, 54, 9, 'Villa del Totoral', 0, 'A'),
(767, 54, 9, 'Villa Dolores', 0, 'A'),
(768, 54, 9, 'Villa Flor Serrana', 0, 'A'),
(769, 54, 9, 'Villa Gral. Belgrano', 0, 'A'),
(770, 54, 9, 'Villa Giardino', 0, 'A'),
(771, 54, 9, 'Villa Huidobro', 0, 'A'),
(772, 54, 9, 'Villa Icho Cruz', 0, 'A'),
(773, 54, 9, 'Villa La Bolsa', 0, 'A'),
(774, 54, 9, 'Villa Los Aromos', 0, 'A'),
(775, 54, 9, 'Villa Mar&iacute;a', 0, 'A'),
(776, 54, 9, 'Villa Nueva', 0, 'A'),
(777, 54, 9, 'Villa Rossi', 0, 'A'),
(778, 54, 9, 'Villa Rumipal', 0, 'A'),
(779, 54, 9, 'Villa Santa Cruz del Lago', 0, 'A'),
(780, 54, 9, 'Villa Tulumba', 0, 'A'),
(781, 54, 9, 'Villa Yacanto de Calamuchita', 0, 'A'),
(782, 54, 9, 'Washington', 0, 'A'),
(783, 54, 9, 'Wenceslao Escalante', 0, 'A'),
(784, 54, 9, 'Yacanto - San Javier', 0, 'A'),
(785, 54, 5, 'Alvear', 0, 'A'),
(786, 54, 5, 'Bella Vista', 0, 'A'),
(787, 54, 5, 'Corrientes', 0, 'A'),
(788, 54, 5, 'Curuz&uacute; Cuati&aacute;', 0, 'A'),
(789, 54, 5, 'Empedrado', 0, 'A'),
(790, 54, 5, 'Esquina', 0, 'A'),
(791, 54, 5, 'Gob. Virasoro', 0, 'A'),
(792, 54, 5, 'Goya', 0, 'A'),
(793, 54, 5, 'Ituzaing&oacute;', 0, 'A'),
(794, 54, 5, 'Mburucuy&aacute;', 0, 'A'),
(795, 54, 5, 'Mercedes', 0, 'A'),
(796, 54, 5, 'Monte Caseros', 0, 'A'),
(797, 54, 5, 'Paso de la Patria', 0, 'A'),
(798, 54, 5, 'Paso de los Libres', 0, 'A'),
(799, 54, 5, 'Saladas', 0, 'A'),
(800, 54, 5, 'San Carlos', 0, 'A'),
(801, 54, 5, 'Santo Tom&eacute;', 0, 'A'),
(802, 54, 4, 'Chajar&iacute;', 0, 'A'),
(803, 54, 4, 'Col&oacute;n', 0, 'A'),
(804, 54, 4, 'Concepci&oacute;n del Uruguay', 0, 'A'),
(805, 54, 4, 'Concordia', 0, 'A'),
(806, 54, 4, 'Diamante', 0, 'A'),
(807, 54, 4, 'Federaci&oacute;n', 0, 'A'),
(808, 54, 4, 'Federal', 0, 'A'),
(809, 54, 4, 'Gualeguay', 0, 'A'),
(810, 54, 4, 'Gualeguaych&uacute;', 0, 'A'),
(811, 54, 4, 'Hernandarias', 0, 'A'),
(812, 54, 4, 'La Paz', 0, 'A'),
(813, 54, 4, 'Los Charr&uacute;as', 0, 'A'),
(814, 54, 4, 'Nogoy&aacute;', 0, 'A'),
(815, 54, 4, 'Paran&aacute;', 0, 'A'),
(816, 54, 4, 'Rosario del Tala', 0, 'A'),
(817, 54, 4, 'San Jos&eacute; de Feliciano', 0, 'A'),
(818, 54, 4, 'San Salvador', 0, 'A'),
(819, 54, 4, 'Santa Elena', 0, 'A'),
(820, 54, 4, 'Urdinarrain', 0, 'A'),
(821, 54, 4, 'Victoria', 0, 'A'),
(822, 54, 4, 'Villa Elisa', 0, 'A'),
(823, 54, 4, 'Villaguay', 0, 'A'),
(824, 54, 8, 'Clorinda', 0, 'A'),
(825, 54, 8, 'Cmdte. Fontana', 0, 'A'),
(826, 54, 8, 'El Colorado', 0, 'A'),
(827, 54, 8, 'Formosa', 0, 'A'),
(828, 54, 8, 'Ibarreta', 0, 'A'),
(829, 54, 8, 'Ingeniero Ju&aacute;rez', 0, 'A'),
(830, 54, 8, 'Laguna Blanca', 0, 'A'),
(831, 54, 8, 'Las Lomitas', 0, 'A'),
(832, 54, 8, 'Piran&eacute;', 0, 'A'),
(833, 54, 11, 'Humahuaca', 0, 'A'),
(834, 54, 11, 'La Quiaca', 0, 'A'),
(835, 54, 11, 'Lib. Gral. San Mart&iacute;n', 0, 'A'),
(836, 54, 11, 'Palpal&aacute;', 0, 'A'),
(837, 54, 11, 'Perico', 0, 'A'),
(838, 54, 11, 'Purmamarca', 0, 'A'),
(839, 54, 11, 'San Pedro', 0, 'A'),
(840, 54, 11, 'San Salvador de Jujuy', 0, 'A'),
(841, 54, 11, 'Tilcara', 0, 'A'),
(842, 54, 18, '25 de Mayo', 0, 'A'),
(843, 54, 18, 'Arata', 0, 'A'),
(844, 54, 18, 'Bernasconi', 0, 'A'),
(845, 54, 18, 'Caleuf&uacute;', 0, 'A'),
(846, 54, 18, 'Catril&oacute;', 0, 'A'),
(847, 54, 18, 'Colonia Bar&oacute;n', 0, 'A'),
(848, 54, 18, 'Coronel Hilario Lagos', 0, 'A'),
(849, 54, 18, 'Doblas', 0, 'A'),
(850, 54, 18, 'Eduardo Castex', 0, 'A'),
(851, 54, 18, 'Embajador Martini', 0, 'A'),
(852, 54, 18, 'Gral. Acha', 0, 'A'),
(853, 54, 18, 'Gral. Pico', 0, 'A'),
(854, 54, 18, 'Gral. San Mart&iacute;n', 0, 'A'),
(855, 54, 18, 'Guatrach&eacute;', 0, 'A'),
(856, 54, 18, 'Ingeniero Luiggi', 0, 'A'),
(857, 54, 18, 'Intendente Alvear', 0, 'A'),
(858, 54, 18, 'Jacinto Arauz', 0, 'A'),
(859, 54, 18, 'Macach&iacute;n', 0, 'A'),
(860, 54, 18, 'Miguel Riglos', 0, 'A'),
(861, 54, 18, 'Quem&uacute; Quem&uacute;', 0, 'A'),
(862, 54, 18, 'Realic&oacute;', 0, 'A'),
(863, 54, 18, 'Santa Rosa', 0, 'A'),
(864, 54, 18, 'Tel&eacute;n', 0, 'A'),
(865, 54, 18, 'Trenel', 0, 'A'),
(866, 54, 18, 'Uriburu', 0, 'A'),
(867, 54, 18, 'Villa Mirasol', 0, 'A'),
(868, 54, 13, 'Aimogasta', 0, 'A'),
(869, 54, 13, 'Chamical', 0, 'A'),
(870, 54, 13, 'Chepes', 0, 'A'),
(871, 54, 13, 'Chilecito', 0, 'A'),
(872, 54, 13, 'El Barreal', 0, 'A'),
(873, 54, 13, 'La Rioja', 0, 'A'),
(874, 54, 13, 'Ulapes', 0, 'A'),
(875, 54, 16, 'Gral. Alvear', 0, 'A'),
(876, 54, 16, 'Godoy Cruz', 0, 'A'),
(877, 54, 16, 'La Paz', 0, 'A'),
(878, 54, 16, 'Las Le&ntilde;as', 0, 'A'),
(879, 54, 16, 'Los Penitentes', 0, 'A'),
(880, 54, 16, 'Lunlunta', 0, 'A'),
(881, 54, 16, 'Malargüe', 0, 'A'),
(882, 54, 16, 'Mendoza', 0, 'A'),
(883, 54, 16, 'Puente del Inca', 0, 'A'),
(884, 54, 16, 'San Carlos', 0, 'A'),
(885, 54, 16, 'San Mart&iacute;n', 0, 'A'),
(886, 54, 16, 'San Rafael', 0, 'A'),
(887, 54, 16, 'Tunuy&aacute;n', 0, 'A'),
(888, 54, 16, 'Uspallata', 0, 'A'),
(889, 54, 6, 'Ap&oacute;stoles', 0, 'A'),
(890, 54, 6, 'Arist&oacute;bulo del Valle', 0, 'A'),
(891, 54, 6, 'Bernardo de Irigoyen', 0, 'A'),
(892, 54, 6, 'Eldorado', 0, 'A'),
(893, 54, 6, 'Jard&iacute;n Am&eacute;rica', 0, 'A'),
(894, 54, 6, 'Leandro N. Alem', 0, 'A'),
(895, 54, 6, 'Ober&aacute;', 0, 'A'),
(896, 54, 6, 'Posadas', 0, 'A'),
(897, 54, 6, 'Puerto Iguaz&uacute;', 0, 'A'),
(898, 54, 6, 'San Javier', 0, 'A'),
(899, 54, 6, 'San Pedro', 0, 'A'),
(900, 54, 6, 'Alumin&eacute;', 0, 'A'),
(901, 54, 6, 'Batea Mahuida', 0, 'A'),
(902, 54, 6, 'Caviahue', 0, 'A'),
(903, 54, 6, 'Cerro Bayo', 0, 'A'),
(904, 54, 6, 'Chapelco', 0, 'A'),
(905, 54, 6, 'Chos Malal', 0, 'A'),
(906, 54, 6, 'Copahue', 0, 'A'),
(907, 54, 6, 'Cutral C&oacute;', 0, 'A'),
(908, 54, 6, 'Jun&iacute;n de los Andes', 0, 'A'),
(909, 54, 6, 'Neuqu&eacute;n', 0, 'A'),
(910, 54, 6, 'Piedra del &Aacute;guila', 0, 'A'),
(911, 54, 6, 'Plaza Huincul', 0, 'A'),
(912, 54, 6, 'Rinc&oacute;n de los Sauces', 0, 'A'),
(913, 54, 6, 'San Mart&iacute;n de los Andes', 0, 'A'),
(914, 54, 6, 'Villa El Choc&oacute;n', 0, 'A'),
(915, 54, 6, 'Villa La Angostura', 0, 'A'),
(916, 54, 6, 'Villa Pehuenia', 0, 'A'),
(917, 54, 6, 'Villa Traful', 0, 'A'),
(918, 54, 6, 'Zapala', 0, 'A'),
(919, 54, 20, 'Catriel', 0, 'A'),
(920, 54, 20, 'Cerro Catedral', 0, 'A'),
(921, 54, 20, 'Choele Choel', 0, 'A'),
(922, 54, 20, 'Cinco Saltos', 0, 'A'),
(923, 54, 20, 'Cipolletti', 0, 'A'),
(924, 54, 20, 'El Bols&oacute;n', 0, 'A'),
(925, 54, 20, 'Gral. Conesa', 0, 'A'),
(926, 54, 20, 'Gral. Roca', 0, 'A'),
(927, 54, 20, 'Las Grutas', 0, 'A'),
(928, 54, 20, 'Maquinchao', 0, 'A'),
(929, 54, 20, 'R&iacute;o Colorado', 0, 'A'),
(930, 54, 20, 'San Antonio Oeste', 0, 'A'),
(931, 54, 20, 'San Carlos de Bariloche', 0, 'A'),
(932, 54, 20, 'Valcheta', 0, 'A'),
(933, 54, 20, 'Viedma', 0, 'A'),
(934, 54, 20, 'Villa Regina', 0, 'A'),
(935, 54, 12, 'Cachi', 0, 'A'),
(936, 54, 12, 'Cafayate', 0, 'A'),
(937, 54, 12, 'Embarcaci&oacute;n', 0, 'A'),
(938, 54, 12, 'Iruya', 0, 'A'),
(939, 54, 12, 'Met&aacute;n', 0, 'A'),
(940, 54, 12, 'Or&aacute;n', 0, 'A'),
(941, 54, 12, 'Rivadavia', 0, 'A'),
(942, 54, 12, 'Rosario de la Frontera', 0, 'A'),
(943, 54, 12, 'Salta', 0, 'A'),
(944, 54, 12, 'Tartagal', 0, 'A'),
(945, 54, 14, 'Alto de Sierra', 0, 'A'),
(946, 54, 14, 'Barreal', 0, 'A'),
(947, 54, 14, 'Caucete', 0, 'A'),
(948, 54, 14, 'Enc&oacute;n', 0, 'A'),
(949, 54, 14, 'Jachal', 0, 'A'),
(950, 54, 14, 'San Agust&iacute;n de Valle F&eacute;rtil', 0, 'A'),
(951, 54, 14, 'San Juan', 0, 'A'),
(952, 54, 17, 'Candelaria', 0, 'A'),
(953, 54, 17, 'Justo Daract', 0, 'A'),
(954, 54, 17, 'Merlo', 0, 'A'),
(955, 54, 17, 'Naschel', 0, 'A'),
(956, 54, 17, 'Quines', 0, 'A'),
(957, 54, 17, 'San Francisco del Monte de Oro', 0, 'A'),
(958, 54, 17, 'San Luis', 0, 'A'),
(959, 54, 17, 'Santa Rosa del Conlara', 0, 'A'),
(960, 54, 17, 'Tilisarao', 0, 'A'),
(961, 54, 17, 'Uni&oacute;n', 0, 'A'),
(962, 54, 17, 'Villa Mercedes', 0, 'A'),
(963, 54, 17, 'Villa Reynolds', 0, 'A'),
(964, 54, 22, 'Cabo V&iacute;rgenes', 0, 'A'),
(965, 54, 22, 'Caleta Olivia', 0, 'A'),
(966, 54, 22, 'Cmdte. Luis Piedrabuena', 0, 'A'),
(967, 54, 22, 'El Calafate', 0, 'A'),
(968, 54, 22, 'El Chalt&eacute;n', 0, 'A'),
(969, 54, 22, 'Esperanza', 0, 'A'),
(970, 54, 22, 'Gob. Gregores', 0, 'A'),
(971, 54, 22, 'Lago Argentino', 0, 'A'),
(972, 54, 22, 'Los Antiguos', 0, 'A'),
(973, 54, 22, 'Perito Moreno', 0, 'A'),
(974, 54, 22, 'Pico Truncado', 0, 'A'),
(975, 54, 22, 'Puerto Deseado', 0, 'A'),
(976, 54, 22, 'Puerto San Juli&aacute;n', 0, 'A'),
(977, 54, 22, 'Puerto Santa Cruz', 0, 'A'),
(978, 54, 22, 'R&iacute;o Gallegos', 0, 'A'),
(979, 54, 22, 'R&iacute;o Turbio', 0, 'A'),
(980, 54, 22, 'Tres Lagos', 0, 'A'),
(981, 54, 3, 'Acebal', 0, 'A'),
(982, 54, 3, 'Aceitera', 0, 'A'),
(983, 54, 3, 'Albarellos', 0, 'A'),
(984, 54, 3, 'Alcorta', 0, 'A'),
(985, 54, 3, 'Aldao', 0, 'A'),
(986, 54, 3, 'Ang&eacute;lica', 0, 'A'),
(987, 54, 3, 'Armstrong', 0, 'A'),
(988, 54, 3, 'Arroyo Seco', 0, 'A'),
(989, 54, 3, 'Arruf&oacute;', 0, 'A'),
(990, 54, 3, 'Arteaga', 0, 'A'),
(991, 54, 3, 'Bigand', 0, 'A'),
(992, 54, 3, 'Bombal', 0, 'A'),
(993, 54, 3, 'Calchaqu&iacute;', 0, 'A'),
(994, 54, 3, 'Ca&ntilde;ada de G&oacute;mez', 0, 'A'),
(995, 54, 3, 'Ca&ntilde;ada Rica', 0, 'A'),
(996, 54, 3, 'Ca&ntilde;ada Rosqu&iacute;n', 0, 'A'),
(997, 54, 3, 'Carcara&ntilde;&aacute;', 0, 'A'),
(998, 54, 3, 'Carmen del Sauce', 0, 'A'),
(999, 54, 3, 'Carreras', 0, 'A'),
(1000, 54, 3, 'Carrizales', 0, 'A'),
(1001, 54, 3, 'Casas', 0, 'A'),
(1002, 54, 3, 'Casilda', 0, 'A'),
(1003, 54, 3, 'Centeno', 0, 'A'),
(1004, 54, 3, 'Cepeda', 0, 'A'),
(1005, 54, 3, 'Ceres', 0, 'A'),
(1006, 54, 3, 'Cha&ntilde;ar Ladeado', 0, 'A'),
(1007, 54, 3, 'Chovet', 0, 'A'),
(1008, 54, 3, 'Colonia Belgrano', 0, 'A'),
(1009, 54, 3, 'Colonia Bicha', 0, 'A'),
(1010, 54, 3, 'Colonia Lago di Como', 0, 'A'),
(1011, 54, 3, 'Colonia M&eacute;dici', 0, 'A'),
(1012, 54, 3, 'Coronda', 0, 'A'),
(1013, 54, 3, 'Coronel Bogado', 0, 'A'),
(1014, 54, 3, 'El Tr&eacute;bol', 0, 'A'),
(1015, 54, 3, 'Empalme Villa Constituci&oacute;n', 0, 'A'),
(1016, 54, 3, 'Esperanza', 0, 'A'),
(1017, 54, 3, 'Fighiera', 0, 'A'),
(1018, 54, 3, 'Firmat', 0, 'A'),
(1019, 54, 3, 'Fuentes', 0, 'A'),
(1020, 54, 3, 'G&aacute;lvez', 0, 'A'),
(1021, 54, 3, 'Gral. Gelly', 0, 'A'),
(1022, 54, 3, 'Gob. Crespo', 0, 'A'),
(1023, 54, 3, 'Gödeken', 0, 'A'),
(1024, 54, 3, 'Godoy', 0, 'A'),
(1025, 54, 3, 'Humboldt', 0, 'A'),
(1026, 54, 3, 'Juan B. Molina', 0, 'A'),
(1027, 54, 3, 'Las Parejas', 0, 'A'),
(1028, 54, 3, 'Las Rosas', 0, 'A'),
(1029, 54, 3, 'Las Toscas', 0, 'A'),
(1030, 54, 3, 'Los Cardos', 0, 'A'),
(1031, 54, 3, 'Los Nogales', 0, 'A'),
(1032, 54, 3, 'Lucio V. L&oacute;pez', 0, 'A'),
(1033, 54, 3, 'Maciel', 0, 'A'),
(1034, 54, 3, 'Maggiolo', 0, 'A'),
(1035, 54, 3, 'Maizales', 0, 'A'),
(1036, 54, 3, 'Mar&iacute;a Juana', 0, 'A'),
(1037, 54, 3, 'M&aacute;ximo Paz', 0, 'A'),
(1038, 54, 3, 'Melincue', 0, 'A'),
(1039, 54, 3, 'Montes de Oca', 0, 'A'),
(1040, 54, 3, 'Pav&oacute;n', 0, 'A'),
(1041, 54, 3, 'P&eacute;rez', 0, 'A'),
(1042, 54, 3, 'Peyrano', 0, 'A'),
(1043, 54, 3, 'Piamonte', 0, 'A'),
(1044, 54, 3, 'Presidente Roca', 0, 'A'),
(1045, 54, 3, 'Pueblo Esther', 0, 'A'),
(1046, 54, 3, 'Pujato', 0, 'A'),
(1047, 54, 3, 'Rafaela', 0, 'A'),
(1048, 54, 3, 'Reconquista', 0, 'A'),
(1049, 54, 3, 'Romang', 0, 'A'),
(1050, 54, 3, 'Rosario', 0, 'A'),
(1051, 54, 3, 'Rueda', 0, 'A'),
(1052, 54, 3, 'Rufino', 0, 'A'),
(1053, 54, 10, 'A&ntilde;atuya', 0, 'A'),
(1054, 54, 10, 'Campo del Cielo', 0, 'A'),
(1055, 54, 10, 'Campo Gallo', 0, 'A'),
(1056, 54, 10, 'Fr&iacute;as', 0, 'A'),
(1057, 54, 10, 'La Banda', 0, 'A'),
(1058, 54, 10, 'Loreto', 0, 'A'),
(1059, 54, 10, 'Monte Quemado', 0, 'A'),
(1060, 54, 10, 'Pampa de los Guanacos', 0, 'A'),
(1061, 54, 10, 'Quimil&iacute;', 0, 'A'),
(1062, 54, 10, 'Sachayoj', 0, 'A'),
(1063, 54, 10, 'Santiago del Estero', 0, 'A'),
(1064, 54, 10, 'Sumampa', 0, 'A'),
(1065, 54, 10, 'Suncho Corral', 0, 'A'),
(1066, 54, 10, 'Termas de R&iacute;o Hondo', 0, 'A'),
(1067, 54, 10, 'Villa Ojo de Agua', 0, 'A'),
(1068, 54, 23, 'Cerro Castor', 0, 'A'),
(1069, 54, 23, 'El Kaiken', 0, 'A'),
(1070, 54, 23, 'Grytviken', 0, 'A'),
(1071, 54, 23, 'Islas Malvinas', 0, 'A'),
(1072, 54, 23, 'Mount Pleasant', 0, 'A'),
(1073, 54, 23, 'Pebble Island', 0, 'A'),
(1074, 54, 23, 'Puerto Argentino', 0, 'A'),
(1075, 54, 23, 'Puerto San Carlos', 0, 'A'),
(1076, 54, 23, 'R&iacute;o Grande', 0, 'A'),
(1077, 54, 23, 'Sea Lion Island', 0, 'A'),
(1078, 54, 23, 'Tolhuin', 0, 'A'),
(1079, 54, 23, 'Ushuaia', 0, 'A'),
(1080, 54, 23, 'Weddel Island', 0, 'A'),
(1081, 54, 15, '7 de Abril', 0, 'A'),
(1082, 54, 15, 'Aguilares', 0, 'A'),
(1083, 54, 15, 'Amaicha del Valle', 0, 'A'),
(1084, 54, 15, 'Banda del R&iacute;o Sal&iacute;', 0, 'A'),
(1085, 54, 15, 'Concepci&oacute;n', 0, 'A'),
(1086, 54, 15, 'Famaill&aacute;', 0, 'A'),
(1087, 54, 15, 'Las Cejas', 0, 'A'),
(1088, 54, 15, 'Raco', 0, 'A'),
(1089, 54, 15, 'San Miguel de Tucum&aacute;n', 0, 'A'),
(1090, 54, 15, 'Taf&iacute; del Valle', 0, 'A'),
(1091, 54, 15, 'Taf&iacute; Viejo', 0, 'A'),
(1092, 54, 15, 'Yerba Buena', 0, 'A'),
(1093, 54, 2, 'Quilmes', 0, 'A'),
(1094, 54, 2, 'Olivos', 0, 'A'),
(1095, 54, 3, 'Santa Fe', 0, 'A');

-- --------------------------------------------------------

--
-- Table structure for table `admin_group`
--

CREATE TABLE IF NOT EXISTS `admin_group` (
  `group_id` int(11) NOT NULL AUTO_INCREMENT,
  `company_id` int(11) NOT NULL,
  `title` varchar(255) CHARACTER SET latin1 NOT NULL,
  `image` varchar(255) CHARACTER SET latin1 NOT NULL,
  `status` char(1) CHARACTER SET latin1 NOT NULL DEFAULT 'A',
  `creation_date` datetime NOT NULL,
  `last_modification` timestamp NOT NULL DEFAULT CURRENT_TIMESTAMP,
  PRIMARY KEY (`group_id`)
) ENGINE=MyISAM  DEFAULT CHARSET=utf8 COLLATE=utf8_unicode_ci AUTO_INCREMENT=13 ;

--
-- Dumping data for table `admin_group`
--

INSERT INTO `admin_group` (`group_id`, `company_id`, `title`, `image`, `status`, `creation_date`, `last_modification`) VALUES
(1, 1, 'prueba', '../../../skin/images/groups/default/groupgen.jpg', 'I', '2016-04-20 03:23:03', '2016-04-20 06:23:03'),
(2, 1, 'test ale', '../../../skin/images/groups/default/groupgen.jpg', 'I', '2016-04-20 19:19:17', '2016-04-20 22:19:17'),
(3, 1, 'pepepepe', '../../../skin/images/groups/default/groupgen.jpg', 'I', '2016-04-20 19:28:40', '2016-04-20 22:28:40'),
(4, 1, 'osa', '../../../skin/images/groups/default/groupgen.jpg', 'I', '2016-04-20 19:51:46', '2016-04-20 22:51:46'),
(5, 1, 'Pepsi', '../../../skin/images/groups/default/groupgen.jpg', 'A', '2016-04-20 20:35:39', '2016-04-20 23:35:39'),
(6, 1, 'Coca Cola', '../../../skin/images/groups/default/groupgen.jpg', 'A', '2016-04-25 03:09:11', '2016-04-25 06:09:11'),
(7, 1, 'Sprite', '../../../skin/images/groups/default/groupgen.jpg', 'A', '2016-04-25 03:09:19', '2016-04-25 06:09:19'),
(8, 1, '7UP', '../../../skin/images/groups/default/groupgen.jpg', 'A', '2016-04-25 03:09:27', '2016-04-25 06:09:27'),
(9, 1, 'Fanta', '../../../skin/images/groups/default/groupgen.jpg', 'A', '2016-04-25 03:09:35', '2016-04-25 06:09:35'),
(10, 1, 'Cheketo', '../../../skin/images/groups/default/groupgen.jpg', 'I', '2016-10-24 21:53:42', '2016-10-24 21:53:42'),
(11, 1, 'Manaos', '../../../skin/images/groups/default/groupgen.jpg', 'A', '2016-10-25 01:10:05', '2016-10-25 01:10:05'),
(12, 1, 'Mirinda', '../../../skin/images/groups/default/groupgen.jpg', 'A', '2016-10-25 01:11:06', '2016-10-25 01:11:06');

-- --------------------------------------------------------

--
-- Table structure for table `admin_profile`
--

CREATE TABLE IF NOT EXISTS `admin_profile` (
  `profile_id` int(11) NOT NULL AUTO_INCREMENT,
  `company_id` int(11) NOT NULL,
  `title` varchar(255) CHARACTER SET latin1 NOT NULL,
  `image` varchar(255) CHARACTER SET latin1 NOT NULL,
  `status` char(1) CHARACTER SET latin1 DEFAULT 'A',
  `creation_date` datetime NOT NULL,
  `last_modification` timestamp NOT NULL DEFAULT CURRENT_TIMESTAMP ON UPDATE CURRENT_TIMESTAMP,
  PRIMARY KEY (`profile_id`)
) ENGINE=MyISAM  DEFAULT CHARSET=utf8 COLLATE=utf8_unicode_ci AUTO_INCREMENT=360 ;

--
-- Dumping data for table `admin_profile`
--

INSERT INTO `admin_profile` (`profile_id`, `company_id`, `title`, `image`, `status`, `creation_date`, `last_modification`) VALUES
(333, 1, 'Superadministrador', '../../../skin/images/profiles/default/profilegen.jpg', 'A', '2013-03-03 03:03:03', '2016-10-25 01:35:58'),
(350, 1, 'Prueba', '../../../skin/images/profiles/default/profilegen.jpg', 'I', '2016-04-06 20:03:28', '2016-10-25 01:35:58'),
(351, 1, 'Pepe', '../../../skin/images/profiles/default/profilegen.jpg', 'I', '2016-04-06 20:05:21', '2016-10-25 01:35:58'),
(352, 1, 'Joni', '../../../skin/images/profiles/default/profilegen.jpg', 'I', '2016-04-08 00:10:19', '2016-10-25 01:35:58'),
(353, 1, 'Pruebas Administrador', '../../../skin/images/profiles/default/profilegen.jpg', 'A', '2016-04-11 02:56:59', '2016-10-25 19:39:33'),
(354, 1, 'Asd', '../../../skin/images/profiles/default/profilegen.jpg', 'I', '2016-04-11 04:29:43', '2016-10-25 01:35:58'),
(355, 1, 'Pruebas', '../../../skin/images/profiles/default/profilegen.jpg', 'I', '2016-10-21 09:02:22', '2016-10-25 19:38:15'),
(356, 1, 'Grupo de Prueba', '../../../skin/images/profiles/default/profilegen.jpg', 'I', '2016-10-24 21:38:49', '2016-10-25 01:35:58'),
(357, 1, 'Grupo de Prueba', '../../../skin/images/profiles/default/profilegen.jpg', 'I', '2016-10-24 21:44:29', '2016-10-25 19:34:16'),
(358, 1, 'Perfil de Prueba', '../../../skin/images/profiles/default/profilegen.jpg', 'I', '2016-10-25 01:34:23', '2016-10-25 19:37:53'),
(359, 1, 'Contador', '../../../skin/images/profiles/default/profilegen.jpg', 'A', '2016-11-11 19:56:40', '2016-11-11 19:56:40');

-- --------------------------------------------------------

--
-- Table structure for table `admin_user`
--

CREATE TABLE IF NOT EXISTS `admin_user` (
  `admin_id` int(11) NOT NULL AUTO_INCREMENT,
  `company_id` int(11) NOT NULL,
  `user` varchar(255) CHARACTER SET latin1 NOT NULL,
  `password` varchar(255) CHARACTER SET latin1 NOT NULL,
  `first_name` varchar(255) CHARACTER SET latin1 NOT NULL,
  `last_name` varchar(255) CHARACTER SET latin1 NOT NULL,
  `email` varchar(255) CHARACTER SET latin1 NOT NULL,
  `profile_id` int(11) NOT NULL,
  `img` varchar(255) CHARACTER SET latin1 NOT NULL,
  `status` char(1) CHARACTER SET latin1 NOT NULL DEFAULT 'A',
  `tries` int(11) NOT NULL,
  `meli` tinyint(1) NOT NULL,
  `meli_code` varchar(255) CHARACTER SET latin1 NOT NULL,
  `meli_access_token` varchar(255) CHARACTER SET latin1 NOT NULL,
  `meli_refresh_token` varchar(255) CHARACTER SET latin1 NOT NULL,
  `meli_expires_in` int(11) NOT NULL,
  `last_access` datetime NOT NULL,
  `creation_date` datetime NOT NULL,
  `creator_id` int(11) NOT NULL,
  PRIMARY KEY (`admin_id`)
) ENGINE=MyISAM  DEFAULT CHARSET=utf8 COLLATE=utf8_unicode_ci AUTO_INCREMENT=80 ;

--
-- Dumping data for table `admin_user`
--

INSERT INTO `admin_user` (`admin_id`, `company_id`, `user`, `password`, `first_name`, `last_name`, `email`, `profile_id`, `img`, `status`, `tries`, `meli`, `meli_code`, `meli_access_token`, `meli_refresh_token`, `meli_expires_in`, `last_access`, `creation_date`, `creator_id`) VALUES
(3, 1, 'javzero', 'a01610228fe998f515a72dd730294d87', 'Leandro', 'Andrade', 'javzero1@gmail.com', 333, '../../../skin/images/users/3//user17324__3.jpeg', 'A', 0, 0, '', '', '', 0, '2016-11-09 19:34:17', '0000-00-00 00:00:00', 0),
(8, 1, 'cheketo', '72373a57bdf3807c0a1ac9c30bbf3045', 'Alejandro', 'Romero', 'romero.m.alejandro@gmail.com', 333, '../../../skin/images/users/default/default21.png', 'A', 0, 1, 'TG-57a3c1b8e4b0cd959dc5d629-42005580', 'APP_USR-1204162705833882-111115-0e11d2c6858606470ce2789483b52967__C_H__-42005580', 'TG-5826211de4b074472afd3de0-42005580', 1478915453, '2016-11-11 20:01:14', '0000-00-00 00:00:00', 0),
(28, 1, 'viole', '9d7311ba459f9e45ed746755a32dcd11', 'Violeta', 'Raffin', 'viole@ta.com', 333, '../../../skin/images/users/default/default23.png', 'A', 0, 0, '', '', '', 0, '2016-03-07 06:01:47', '0000-00-00 00:00:00', 0),
(35, 1, 'cheketox', '81dc9bdb52d04dc20036dbd8313ed055', 'Alex', 'Roemer', 'cheketox@mail.com', 353, '../../../skin/images/users/default/default08.png', 'A', 0, 0, '', '', '', 0, '2016-08-18 11:12:48', '2016-08-11 21:36:04', 8),
(36, 1, 'cheketo2', '72373a57bdf3807c0a1ac9c30bbf3045', 'Alejandrox', 'Romerox', 'romero.m.alejandro.mail.largo@gmail.com.ar', 353, '../../../skin/images/users/default/default10.png', 'A', 0, 0, '', '', '', 0, '2016-08-17 03:06:39', '2016-08-17 02:59:15', 8),
(37, 1, 'chopas', '81dc9bdb52d04dc20036dbd8313ed055', 'Nicol&aacute;s ', 'Romero', 'chopa@lacooka.co', 353, '../../../skin/images/users/default/myAvatar-7.png', 'A', 0, 0, '', '', '', 0, '0000-00-00 00:00:00', '2016-08-28 17:33:56', 8),
(38, 1, 'pepe', '81dc9bdb52d04dc20036dbd8313ed055', 'Jos&eacute;', 'Camacho', '1234@1234.123', 353, '../../../skin/images/users/default/default14.png', 'A', 0, 0, '', '', '', 0, '0000-00-00 00:00:00', '2016-09-18 08:01:34', 8),
(39, 1, 'carlitos', '81dc9bdb52d04dc20036dbd8313ed055', 'Carlos', 'Rond&oacute;', 'carlitos@carlos.com', 353, '../../../skin/images/users/default/default12.png', 'A', 0, 0, '', '', '', 0, '0000-00-00 00:00:00', '2016-09-18 08:03:04', 8),
(40, 1, 'michael', '81dc9bdb52d04dc20036dbd8313ed055', 'Miguel', 'Thorne', 'michael@mail.com', 353, '../../../skin/images/users/default/default11.png', 'A', 0, 0, '', '', '', 0, '0000-00-00 00:00:00', '2016-09-18 08:04:21', 8),
(41, 1, 'chiqui', '81dc9bdb52d04dc20036dbd8313ed055', 'Gustavo', 'Mangione', 'chiqui@mail.com', 353, '../../../skin/images/users/default/default.jpg', 'A', 0, 0, '', '', '', 0, '0000-00-00 00:00:00', '2016-09-18 08:05:37', 8),
(42, 1, 'mabrigo', '81dc9bdb52d04dc20036dbd8313ed055', 'Mauro', 'Abrigo', 'mauroa@mail.com', 353, '../../../skin/images/users/default/default.jpg', 'A', 0, 0, '', '', '', 0, '0000-00-00 00:00:00', '2016-09-18 08:07:03', 8),
(43, 1, 'sofi', '81dc9bdb52d04dc20036dbd8313ed055', 'Sof&iacute;a', 'Ruiz', 'sofia@mail.com', 353, '../../../skin/images/users/default/default07.png', 'A', 0, 0, '', '', '', 0, '0000-00-00 00:00:00', '2016-09-18 08:08:04', 8),
(44, 1, 'baltazar', '81dc9bdb52d04dc20036dbd8313ed055', 'Nicol&aacute;s', 'Vallejo', 'nicov@mail.com', 353, '../../../skin/images/users/default/default09.png', 'A', 0, 0, '', '', '', 0, '0000-00-00 00:00:00', '2016-09-18 08:09:29', 8),
(45, 1, 'test', '81dc9bdb52d04dc20036dbd8313ed055', 'Carla', 'Diaz', 'test@mail.com', 353, '../../../skin/images/users/default/default20.png', 'A', 0, 0, '', '', '', 0, '0000-00-00 00:00:00', '2016-09-18 08:11:27', 8),
(46, 1, 'moni', '81dc9bdb52d04dc20036dbd8313ed055', 'M&oacute;nica', 'Laprida', 'moni@mail.com', 353, '../../../skin/images/users/default/default19.png', 'A', 0, 0, '', '', '', 0, '0000-00-00 00:00:00', '2016-09-18 08:12:29', 8),
(47, 1, 'lau', '81dc9bdb52d04dc20036dbd8313ed055', 'Laura', 'Iba&ntilde;ez', 'lau@mail.com', 353, '../../../skin/images/users/default/default05.png', 'A', 0, 0, '', '', '', 0, '0000-00-00 00:00:00', '2016-09-18 08:13:24', 8),
(48, 1, 'duncan', '81dc9bdb52d04dc20036dbd8313ed055', 'Mario', 'Mollinaris', 'duncan@mail.com', 353, '../../../skin/images/users/default/default13.png', 'A', 0, 0, '', '', '', 0, '0000-00-00 00:00:00', '2016-09-18 08:14:10', 8),
(49, 1, 'test2', '81dc9bdb52d04dc20036dbd8313ed055', 'Marcos', 'Galper&iacute;n', 'test2@mail.com', 353, '../../../skin/images/users/default/default.jpg', 'A', 0, 0, '', '', '', 0, '0000-00-00 00:00:00', '2016-09-18 08:14:50', 8),
(50, 1, 'test3', '81dc9bdb52d04dc20036dbd8313ed055', 'Dar&iacute;o', 'Rubric', 'test3@mail.com', 353, '../../../skin/images/users/50/user2196566669__8.png', 'A', 0, 0, '', '', '', 0, '0000-00-00 00:00:00', '2016-09-18 08:15:54', 8),
(51, 1, 'test4', '81dc9bdb52d04dc20036dbd8313ed055', 'Norberto', 'Borghi', 'test4@mail.com', 353, '../../../skin/images/users/default/default15.png', 'A', 0, 0, '', '', '', 0, '0000-00-00 00:00:00', '2016-09-18 08:16:46', 8),
(52, 1, 'test5', '81dc9bdb52d04dc20036dbd8313ed055', 'Lorena', 'Lopez', 'test5@mail.com', 353, '../../../skin/images/users/default/default18.png', 'A', 0, 0, '', '', '', 0, '0000-00-00 00:00:00', '2016-09-18 08:17:58', 8),
(53, 1, 'eze', '81dc9bdb52d04dc20036dbd8313ed055', 'Ezequiel', 'Vinoli', 'ezequiel@mail.com', 353, '../../../skin/images/users/default/default.jpg', 'A', 0, 0, '', '', '', 0, '0000-00-00 00:00:00', '2016-09-18 08:18:42', 8),
(54, 1, 'tano', '81dc9bdb52d04dc20036dbd8313ed055', 'Juan Pablo', 'C&oacute;rdoba', 'taco@mail.com', 353, '../../../skin/images/users/default/default.jpg', 'A', 0, 0, '', '', '', 0, '0000-00-00 00:00:00', '2016-09-18 08:19:25', 8),
(55, 1, 'fer', '81dc9bdb52d04dc20036dbd8313ed055', 'Fernando', 'Perez', 'fer@mail.com', 353, '../../../skin/images/users/default/default.jpg', 'A', 0, 0, '', '', '', 0, '0000-00-00 00:00:00', '2016-09-18 08:19:59', 8),
(56, 1, 'msanchez', '81dc9bdb52d04dc20036dbd8313ed055', 'Mirta', 'Sanchez', 'mirta@mial.com', 353, '../../../skin/images/users/default/default06.png', 'A', 0, 0, '', '', '', 0, '0000-00-00 00:00:00', '2016-09-18 08:20:54', 8),
(57, 1, 'juli', '81dc9bdb52d04dc20036dbd8313ed055', 'Julian', 'Mondrag&oacute;n', 'julian@mail.com', 353, '../../../skin/images/users/default/default.jpg', 'A', 0, 0, '', '', '', 0, '0000-00-00 00:00:00', '2016-09-18 08:21:34', 8),
(58, 1, 'chris', '81dc9bdb52d04dc20036dbd8313ed055', 'Christian', 'Mercado', 'chris@mail.com', 353, '../../../skin/images/users/default/default08.png', 'A', 0, 0, '', '', '', 0, '0000-00-00 00:00:00', '2016-09-18 08:23:12', 8),
(59, 1, 'test6', '81dc9bdb52d04dc20036dbd8313ed055', 'Test', 'De Prueba', 'test6@mail.com', 353, '../../../skin/images/users/default/default.jpg', 'A', 0, 0, '', '', '', 0, '0000-00-00 00:00:00', '2016-09-18 08:23:46', 8),
(60, 1, 'test7', '81dc9bdb52d04dc20036dbd8313ed055', 'Test', 'De Testeo', 'test7@mail.com', 353, '../../../skin/images/users/default/default.jpg', 'A', 0, 0, '', '', '', 0, '0000-00-00 00:00:00', '2016-09-18 08:24:26', 8),
(61, 1, 'rodo', '81dc9bdb52d04dc20036dbd8313ed055', 'Rodolfo', 'Oti&ntilde;ano', 'rodo@mail.com', 353, '../../../skin/images/users/default/default.jpg', 'A', 0, 0, '', '', '', 0, '0000-00-00 00:00:00', '2016-09-18 08:25:37', 8),
(62, 1, 'test8', '81dc9bdb52d04dc20036dbd8313ed055', 'Test', 'Ocho', 'test8@mail.com', 353, '../../../skin/images/users/default/default.jpg', 'A', 0, 0, '', '', '', 0, '0000-00-00 00:00:00', '2016-09-18 08:26:11', 8),
(63, 1, 'test9', '81dc9bdb52d04dc20036dbd8313ed055', 'Test', 'Nueve', 'test9@mail.com', 353, '../../../skin/images/users/default/default.jpg', 'A', 0, 0, '', '', '', 0, '0000-00-00 00:00:00', '2016-09-18 08:26:42', 8),
(64, 1, 'test10', '81dc9bdb52d04dc20036dbd8313ed055', 'Test', 'Diez', 'test10@mail.com', 353, '../../../skin/images/users/default/default10.png', 'A', 0, 0, '', '', '', 0, '0000-00-00 00:00:00', '2016-09-18 08:27:21', 8),
(65, 1, 'unpelado', 'a01610228fe998f515a72dd730294d87', 'Aldo', 'Lap', 'pelucasabe@gmail.com', 353, '../../../skin/images/users/default/default12.png', 'I', 0, 0, '', '', '', 0, '0000-00-00 00:00:00', '2016-09-19 21:33:39', 3),
(66, 1, 'brand', '81dc9bdb52d04dc20036dbd8313ed055', 'Brandon', 'Flowers', 'brandon@killer.com', 359, '../../../skin/images/users/default/default01.png', 'A', 0, 0, '', '', '', 0, '2016-11-11 20:02:31', '2016-09-21 22:51:22', 8),
(67, 1, 'gogo', '81dc9bdb52d04dc20036dbd8313ed055', 'Gonzalo', 'Gonzalez', 'email@prueba.com.ar', 353, '../../../skin/images/users/default/default22.png', 'A', 0, 0, '', '', '', 0, '0000-00-00 00:00:00', '2016-09-21 23:22:01', 8),
(68, 1, 'prueba', '81dc9bdb52d04dc20036dbd8313ed055', 'Prueba', 'Test', 'email@mail.com', 353, '../../../skin/images/users/default/default04.png', 'A', 0, 0, '', '', '', 0, '0000-00-00 00:00:00', '2016-09-21 23:23:48', 8),
(69, 1, 'joni', '81dc9bdb52d04dc20036dbd8313ed055', 'Joni', 'Mercado', 'joni@joni.jon', 333, '../../../skin/images/users/default/default16.png', 'A', 0, 1, 'TG-57fc2ddbe4b08aea0175f6dc-184449568', 'APP_USR-1204162705833882-101020-9ca84e52ea4ed0cdc04275003959b49c__M_D__-184449568', 'TG-57fc2ddde4b08aea0175f717-184449568', 1476166206, '2016-10-11 00:06:26', '2016-10-11 00:05:39', 8),
(70, 1, 'null', 'd41d8cd98f00b204e9800998ecf8427e', '', '', '', 0, '../../../skin/images/users/70/profilegen.jpg', 'A', 0, 0, '', '', '', 0, '0000-00-00 00:00:00', '2016-10-21 07:32:26', 8),
(71, 1, 'null', 'd41d8cd98f00b204e9800998ecf8427e', '', '', '', 0, '../../../skin/images/users/71/profilegen.jpg', 'A', 0, 0, '', '', '', 0, '0000-00-00 00:00:00', '2016-10-21 07:34:47', 8),
(72, 1, 'null', 'd41d8cd98f00b204e9800998ecf8427e', '', '', '', 0, '../../../skin/images/users/72/profilegen.jpg', 'A', 0, 0, '', '', '', 0, '0000-00-00 00:00:00', '2016-10-21 07:35:54', 8),
(73, 1, 'null', 'd41d8cd98f00b204e9800998ecf8427e', '', '', '', 0, '../../../skin/images/users/73/profilegen.jpg', 'A', 0, 0, '', '', '', 0, '0000-00-00 00:00:00', '2016-10-21 07:38:25', 8),
(74, 1, 'null', 'd41d8cd98f00b204e9800998ecf8427e', '', '', '', 0, '../../../skin/images/users/74/profilegen.jpg', 'A', 0, 0, '', '', '', 0, '0000-00-00 00:00:00', '2016-10-21 07:40:30', 8),
(75, 1, 'null', 'd41d8cd98f00b204e9800998ecf8427e', '', '', '', 0, '../../../skin/images/users/75/profilegen.jpg', 'A', 0, 0, '', '', '', 0, '0000-00-00 00:00:00', '2016-10-21 07:41:46', 8),
(76, 1, 'null', 'd41d8cd98f00b204e9800998ecf8427e', '', '', '', 0, '../../../skin/images/users/76/profilegen.jpg', 'A', 0, 0, '', '', '', 0, '0000-00-00 00:00:00', '2016-10-21 07:41:46', 8),
(77, 1, 'null', 'd41d8cd98f00b204e9800998ecf8427e', '', '', '', 0, '../../../skin/images/users/77/pre>', 'A', 0, 0, '', '', '', 0, '0000-00-00 00:00:00', '2016-10-21 07:42:25', 8),
(78, 1, 'toni', '81dc9bdb52d04dc20036dbd8313ed055', 'Antonio', 'Anthony', 'toni@toni.com.ar', 353, '../../../skin/images/users/default/default22.png', 'A', 0, 0, '', '', '', 0, '0000-00-00 00:00:00', '2016-10-24 15:52:16', 8),
(79, 1, 'contador', '81dc9bdb52d04dc20036dbd8313ed055', 'Contador', 'Contador', 'asdsadad@asdasd.com', 359, '../../../skin/images/users/default/default11.png', '', 0, 0, '', '', '', 0, '0000-00-00 00:00:00', '2016-11-11 20:00:45', 8);

-- --------------------------------------------------------

--
-- Table structure for table `login_log`
--

CREATE TABLE IF NOT EXISTS `login_log` (
  `log_id` int(11) NOT NULL AUTO_INCREMENT,
  `user` varchar(255) CHARACTER SET latin1 NOT NULL,
  `password` varchar(255) CHARACTER SET latin1 NOT NULL,
  `ip` varchar(255) CHARACTER SET latin1 NOT NULL,
  `tries` int(11) NOT NULL,
  `event` varchar(255) CHARACTER SET latin1 NOT NULL,
  `date` timestamp NOT NULL DEFAULT CURRENT_TIMESTAMP ON UPDATE CURRENT_TIMESTAMP,
  PRIMARY KEY (`log_id`)
) ENGINE=MyISAM  DEFAULT CHARSET=utf8 COLLATE=utf8_unicode_ci AUTO_INCREMENT=32 ;

--
-- Dumping data for table `login_log`
--

INSERT INTO `login_log` (`log_id`, `user`, `password`, `ip`, `tries`, `event`, `date`) VALUES
(1, 'Cheketo', '', '10.240.1.60', 0, 'OK', '2016-10-26 11:12:47'),
(2, 'Cheketo', '', '10.240.0.186', 0, 'OK', '2016-10-27 19:20:20'),
(3, 'javzero', '', '10.240.1.32', 0, 'OK', '2016-10-27 21:36:14'),
(4, 'javzero', '', '10.240.0.182', 0, 'OK', '2016-10-28 20:32:35'),
(5, 'Cheketo', '', '10.240.1.32', 0, 'OK', '2016-10-30 09:18:43'),
(6, 'Cheketo', '', '10.240.1.17', 0, 'OK', '2016-10-31 19:51:38'),
(7, 'Cheketo', '', '10.240.0.119', 0, 'OK', '2016-11-01 01:06:05'),
(8, 'Cheketo', '', '10.240.1.32', 0, 'OK', '2016-11-01 05:45:25'),
(9, 'cheketo', '', '10.240.0.207', 0, 'OK', '2016-11-01 05:56:25'),
(10, 'Cheketo', '', '10.240.1.60', 0, 'OK', '2016-11-01 18:37:08'),
(11, 'Cheketo', '', '10.240.0.208', 0, 'OK', '2016-11-01 20:49:50'),
(12, 'Cheketo', '', '10.240.1.32', 0, 'OK', '2016-11-01 22:18:27'),
(13, 'cheketo', '', '10.240.0.179', 0, 'OK', '2016-11-02 12:07:34'),
(14, 'Cheketo', '', '10.240.0.207', 0, 'OK', '2016-11-02 16:30:57'),
(15, 'javzero', '', '10.240.1.17', 0, 'OK', '2016-11-02 22:20:14'),
(16, 'Cheketo', '', '10.240.0.186', 0, 'OK', '2016-11-03 00:07:55'),
(17, 'Cheketo', '', '10.240.0.208', 0, 'OK', '2016-11-03 16:44:05'),
(18, 'javzero', '', '10.240.0.179', 0, 'OK', '2016-11-04 07:56:19'),
(19, 'javzero', '', '10.240.0.187', 0, 'OK', '2016-11-07 01:25:36'),
(20, 'cheketo', '', '10.240.0.241', 0, 'OK', '2016-11-07 21:14:41'),
(21, 'javzero', '', '10.240.0.187', 0, 'OK', '2016-11-07 22:23:38'),
(22, 'javzero', '', '10.240.0.186', 0, 'OK', '2016-11-08 00:41:59'),
(23, 'cheketo', '', '10.240.1.15', 0, 'OK', '2016-11-09 17:19:35'),
(24, 'javzero', '', '10.240.0.206', 0, 'OK', '2016-11-09 19:34:17'),
(25, 'cheketo', '', '10.240.0.204', 0, 'OK', '2016-11-09 20:32:29'),
(26, 'Cheketo', '', '10.240.1.19', 0, 'OK', '2016-11-11 19:50:52'),
(27, 'contador', '1234', '10.240.1.60', 0, 'Usuario invalido', '2016-11-11 20:00:58'),
(28, 'contador', '123', '10.240.1.20', 0, 'Usuario invalido', '2016-11-11 20:01:02'),
(29, 'contador', '12345', '10.240.0.208', 0, 'Usuario invalido', '2016-11-11 20:01:05'),
(30, 'cheketo', '', '10.240.1.60', 0, 'OK', '2016-11-11 20:01:14'),
(31, 'brand', '', '10.240.0.110', 0, 'OK', '2016-11-11 20:02:31');

-- --------------------------------------------------------

--
-- Table structure for table `menu`
--

CREATE TABLE IF NOT EXISTS `menu` (
  `menu_id` int(11) NOT NULL AUTO_INCREMENT,
  `parent_id` int(11) NOT NULL,
  `title` varchar(255) CHARACTER SET latin1 NOT NULL,
  `link` varchar(255) CHARACTER SET latin1 NOT NULL,
  `icon` varchar(255) CHARACTER SET latin1 NOT NULL,
  `position` int(11) NOT NULL,
  `public` char(1) CHARACTER SET latin1 NOT NULL DEFAULT 'Y',
  `status` char(1) CHARACTER SET latin1 NOT NULL,
  `view_status` char(1) CHARACTER SET latin1 NOT NULL DEFAULT 'A',
  PRIMARY KEY (`menu_id`)
) ENGINE=MyISAM  DEFAULT CHARSET=utf8 COLLATE=utf8_unicode_ci AUTO_INCREMENT=50 ;

--
-- Dumping data for table `menu`
--

INSERT INTO `menu` (`menu_id`, `parent_id`, `title`, `link`, `icon`, `position`, `public`, `status`, `view_status`) VALUES
(1, 0, 'Administraci&oacute;n', '#', 'fa-gears', 4, 'N', 'A', 'A'),
(2, 0, 'Productos', '#', 'fa-cube', 2, 'N', 'A', 'A'),
(3, 0, 'Categor&iacute;as', '#', 'fa-tag', 3, 'N', 'A', 'A'),
(4, 6, 'Listado de Perfiles', '../profile/list.php', 'fa-list-ul', 1, 'N', 'A', 'A'),
(5, 1, 'Usuarios', '#', 'fa-user', 1, 'N', 'A', 'A'),
(6, 1, 'Pefiles', '#', 'fa-lock', 2, 'N', 'A', 'A'),
(7, 1, 'Grupos', '#', 'fa-users', 3, 'N', 'A', 'A'),
(8, 1, 'Men&uacute;es', '#', 'fa-align-left', 4, 'N', 'A', 'A'),
(9, 8, 'Nuevo Men&uacute;', '../menu/new.php', 'fa-plus-square', 1, 'N', 'A', 'A'),
(10, 8, 'Listado de Men&uacute;es', '../menu/list.php', 'fa-list-ul', 1, 'N', 'A', 'A'),
(11, 5, 'Nuevo Usuario', '../user/new.php', 'fa-user-plus', 1, 'N', 'A', 'A'),
(12, 5, 'Listado de Usuarios', '../user/list.php', 'fa-list-ul', 2, 'N', 'A', 'A'),
(13, 0, 'Inicio', '../main/main.php', 'fa-home', 1, 'N', 'A', 'A'),
(16, 5, 'Editar Usuario', '../user/edit.php', 'fa-edit', 3, 'N', 'A', 'O'),
(17, 8, 'Editar Men&uacute;', '../menu/edit.php', 'fa-edit', 3, 'N', 'A', 'O'),
(18, 2, 'Listado de Productos', '../product/list.php', 'fa-list-ul', 3, 'N', 'A', 'A'),
(19, 2, 'Agregar Producto', '../product/new.php', 'fa-plus-square', 0, 'N', 'A', 'A'),
(20, 5, 'Usuarios Eliminados', '../user/list.php?status=I', 'fa-trash', 4, 'N', 'A', 'A'),
(21, 6, 'Nuevo Perfil', '../profile/new.php', 'fa-plus-square', 1, 'N', 'A', 'A'),
(22, 3, 'Listado de Categor&iacute;as', '../category/list.php', 'fa-list-ul', 2, 'N', 'A', 'A'),
(23, 3, 'Nueva Categor&iacute;a', '../category/new.php', 'fa-plus-square', 1, 'N', 'A', 'A'),
(24, 3, 'Categor&iacute;as Eliminadas', '../category/list.php?status=I', 'fa-trash', 9, 'N', 'A', 'A'),
(25, 2, 'Productos Eliminados', '../product/list.php?status=I', 'fa-trash', 9, 'N', 'A', 'A'),
(26, 7, 'Nuevo Grupo', '../group/new.php', 'fa-plus-square', 1, 'N', 'A', 'A'),
(27, 7, 'Listado de Grupos', '../group/list.php', 'fa-list-ul', 2, 'N', 'A', 'A'),
(28, 7, 'Editar Grupo', '../group/edit.php', 'fa-pencil', 3, 'N', 'A', 'O'),
(29, 8, 'Switcher', '../menu/switcher.php', '', 9, 'N', 'A', 'O'),
(30, 0, 'Pepepito', '../modulo/pepe2php', 'fa-magic', 678, 'Y', 'I', 'O'),
(31, 6, 'Perfiles Eliminados', '../profile/list.php?status=I', 'fa-trash', 3, 'N', 'A', 'A'),
(32, 8, 'Men&uacute;es Eliminados', '../menu/list.php?status=I', 'fa-trash', 3, 'N', 'A', 'A'),
(33, 7, 'Grupos Eliminados', '../group/list.php?status=I', 'fa-trash', 3, 'N', 'A', 'A'),
(34, 5, 'Mi Perfil', '../user/profile.php', 'fa-child', 4, 'Y', 'O', 'A'),
(35, 6, 'Editar Perfil', '../profile/edit.php', 'fa-pencil', 3, 'N', 'O', 'A'),
(36, 0, 'Clientes', '#', 'fa-suitcase', 6, 'N', 'A', 'A'),
(37, 36, 'Nuevo Cliente', '../customer/new.php', 'fa-plus', 1, 'N', 'A', 'A'),
(38, 36, 'Listado de Clientes', '../customer/list.php', 'fa-bars', 2, 'N', 'A', 'A'),
(39, 36, 'Cuenta Corriente', '../customer/account.php', 'fa-dollar', 3, 'N', 'A', 'A'),
(40, 1, 'Geolocalizaci&oacute;n', '#', 'fa-globe', 5, 'N', 'A', 'A'),
(41, 40, 'Pa&iacute;ses', '#', 'fa-flag', 1, 'N', 'A', 'A'),
(42, 40, 'Provincias', '#', 'fa-flag-checkered', 2, 'N', 'A', 'A'),
(43, 40, 'Zonas', '#', 'fa-flag-o', 3, 'N', 'A', 'A'),
(44, 41, 'Listado de Pa&iacute;ses', '../geolocation_country/list.php', 'fa-list-ul', 1, 'N', 'A', 'A'),
(45, 41, 'Nuevo Pa&iacute;s', '../geolocation_country/new.php', 'fa-plus-square', 0, 'N', 'A', 'A'),
(46, 36, 'Nueva Cuenta Corriente', '../customer/new-account.php', 'fa-calculator', 3, 'N', 'A', 'A'),
(47, 0, 'Empresas', '#', 'fa-building', 4, 'N', 'A', 'A'),
(48, 47, 'Nueva Empresa', '../company/new.php', 'fa-plus-square', 1, 'N', 'A', 'A'),
(49, 0, 'Prueba', '#', 'fa-university', 9, 'N', 'A', 'A');

-- --------------------------------------------------------

--
-- Table structure for table `mluser`
--

CREATE TABLE IF NOT EXISTS `mluser` (
  `code` varchar(255) COLLATE utf8_unicode_ci NOT NULL,
  `access_token` varchar(255) COLLATE utf8_unicode_ci NOT NULL,
  `refresh_token` varchar(255) COLLATE utf8_unicode_ci NOT NULL,
  `expires_in` int(11) NOT NULL
) ENGINE=InnoDB DEFAULT CHARSET=utf8 COLLATE=utf8_unicode_ci;

-- --------------------------------------------------------

--
-- Table structure for table `product`
--

CREATE TABLE IF NOT EXISTS `product` (
  `product_id` int(11) NOT NULL AUTO_INCREMENT,
  `customer_id` int(11) NOT NULL,
  `title` varchar(255) NOT NULL,
  `code` varchar(255) NOT NULL,
  `model` varchar(255) NOT NULL,
  `size` varchar(255) NOT NULL,
  `price` decimal(10,2) NOT NULL,
  `description` text NOT NULL,
  `status` char(1) NOT NULL,
  `modification_date` timestamp NOT NULL DEFAULT CURRENT_TIMESTAMP,
  `creation_date` datetime NOT NULL,
  `creator_id` int(11) NOT NULL,
  PRIMARY KEY (`product_id`)
) ENGINE=InnoDB DEFAULT CHARSET=latin1 AUTO_INCREMENT=1 ;

-- --------------------------------------------------------

--
-- Table structure for table `product_image`
--

CREATE TABLE IF NOT EXISTS `product_image` (
  `image_id` int(11) NOT NULL AUTO_INCREMENT,
  `product_id` int(11) NOT NULL,
  `src` varchar(255) NOT NULL,
  `position` int(11) NOT NULL,
  PRIMARY KEY (`image_id`)
) ENGINE=InnoDB  DEFAULT CHARSET=latin1 AUTO_INCREMENT=2 ;

--
-- Dumping data for table `product_image`
--

INSERT INTO `product_image` (`image_id`, `product_id`, `src`, `position`) VALUES
(1, 1, '../../../skin/images/products/02.jpg', 1);

-- --------------------------------------------------------

--
-- Table structure for table `relation_admin_group`
--

CREATE TABLE IF NOT EXISTS `relation_admin_group` (
  `relation_id` int(11) NOT NULL AUTO_INCREMENT,
  `admin_id` int(11) NOT NULL,
  `group_id` int(11) NOT NULL,
  PRIMARY KEY (`relation_id`),
  KEY `admin_id` (`admin_id`,`group_id`)
) ENGINE=InnoDB  DEFAULT CHARSET=latin1 AUTO_INCREMENT=74 ;

--
-- Dumping data for table `relation_admin_group`
--

INSERT INTO `relation_admin_group` (`relation_id`, `admin_id`, `group_id`) VALUES
(73, 8, 11),
(63, 28, 11),
(4, 38, 9),
(5, 39, 4),
(6, 40, 5),
(7, 41, 5),
(8, 41, 6),
(9, 41, 7),
(10, 42, 5),
(11, 42, 7),
(12, 42, 8),
(13, 43, 4),
(14, 43, 9),
(15, 44, 7),
(16, 44, 9),
(18, 46, 5),
(19, 46, 6),
(20, 47, 9),
(21, 48, 4),
(22, 49, 5),
(23, 50, 5),
(24, 50, 6),
(25, 51, 5),
(27, 55, 4),
(28, 55, 8),
(29, 58, 8),
(31, 60, 7),
(32, 61, 9),
(33, 62, 7),
(34, 62, 9),
(35, 64, 4),
(36, 64, 5),
(37, 64, 8),
(39, 67, 6),
(40, 68, 7),
(41, 69, 6);

-- --------------------------------------------------------

--
-- Table structure for table `relation_admin_menu`
--

CREATE TABLE IF NOT EXISTS `relation_admin_menu` (
  `relation_id` int(11) NOT NULL AUTO_INCREMENT,
  `menu_id` int(11) NOT NULL,
  `admin_id` int(11) NOT NULL,
  PRIMARY KEY (`relation_id`)
) ENGINE=InnoDB  DEFAULT CHARSET=utf8 COLLATE=utf8_unicode_ci AUTO_INCREMENT=402 ;

--
-- Dumping data for table `relation_admin_menu`
--

INSERT INTO `relation_admin_menu` (`relation_id`, `menu_id`, `admin_id`) VALUES
(396, 2, 8),
(397, 19, 8),
(398, 18, 8),
(399, 19, 66),
(400, 18, 66),
(401, 25, 66);

-- --------------------------------------------------------

--
-- Table structure for table `relation_group_profile`
--

CREATE TABLE IF NOT EXISTS `relation_group_profile` (
  `relation_id` int(11) NOT NULL AUTO_INCREMENT,
  `group_id` int(11) NOT NULL,
  `profile_id` int(11) NOT NULL,
  PRIMARY KEY (`relation_id`)
) ENGINE=InnoDB  DEFAULT CHARSET=latin1 AUTO_INCREMENT=43 ;

--
-- Dumping data for table `relation_group_profile`
--

INSERT INTO `relation_group_profile` (`relation_id`, `group_id`, `profile_id`) VALUES
(9, 6, 333),
(11, 7, 333),
(15, 8, 333),
(17, 4, 333),
(23, 5, 355),
(24, 6, 355),
(25, 10, 333),
(27, 10, 355),
(35, 12, 355),
(36, 12, 357),
(38, 11, 357),
(39, 11, 358),
(40, 11, 355),
(41, 11, 333),
(42, 9, 333);

-- --------------------------------------------------------

--
-- Table structure for table `relation_menu_group`
--

CREATE TABLE IF NOT EXISTS `relation_menu_group` (
  `relation_id` int(11) NOT NULL AUTO_INCREMENT,
  `menu_id` int(11) NOT NULL,
  `group_id` int(11) NOT NULL,
  PRIMARY KEY (`relation_id`)
) ENGINE=InnoDB  DEFAULT CHARSET=latin1 AUTO_INCREMENT=124 ;

--
-- Dumping data for table `relation_menu_group`
--

INSERT INTO `relation_menu_group` (`relation_id`, `menu_id`, `group_id`) VALUES
(8, 2, 1),
(9, 19, 1),
(10, 18, 1),
(11, 25, 1),
(12, 3, 1),
(17, 2, 2),
(18, 19, 2),
(19, 18, 2),
(20, 25, 2),
(69, 2, 5),
(70, 19, 5),
(71, 18, 5),
(72, 25, 5),
(78, 3, 4),
(83, 30, 5),
(86, 1, 10),
(87, 7, 10),
(88, 26, 10),
(89, 27, 10),
(90, 28, 10),
(106, 1, 12),
(107, 7, 12),
(108, 26, 12),
(109, 27, 12),
(110, 28, 12),
(111, 1, 11),
(112, 7, 11),
(113, 26, 11),
(114, 27, 11),
(115, 28, 11),
(116, 8, 11),
(117, 9, 11),
(118, 10, 11),
(119, 17, 11),
(120, 29, 11),
(122, 13, 9),
(123, 13, 5);

-- --------------------------------------------------------

--
-- Table structure for table `relation_menu_profile`
--

CREATE TABLE IF NOT EXISTS `relation_menu_profile` (
  `relation_id` int(11) NOT NULL AUTO_INCREMENT,
  `menu_id` int(11) NOT NULL,
  `profile_id` int(11) NOT NULL,
  PRIMARY KEY (`relation_id`)
) ENGINE=InnoDB  DEFAULT CHARSET=latin1 AUTO_INCREMENT=148 ;

--
-- Dumping data for table `relation_menu_profile`
--

INSERT INTO `relation_menu_profile` (`relation_id`, `menu_id`, `profile_id`) VALUES
(8, 6, 351),
(9, 4, 351),
(10, 21, 351),
(11, 2, 350),
(12, 18, 350),
(13, 3, 350),
(14, 22, 350),
(16, 5, 352),
(17, 11, 352),
(18, 12, 352),
(19, 16, 352),
(20, 20, 352),
(86, 30, 333),
(99, 2, 355),
(100, 3, 355),
(101, 2, 356),
(102, 19, 356),
(103, 18, 356),
(104, 25, 356),
(106, 1, 357),
(107, 7, 357),
(108, 26, 357),
(109, 27, 357),
(110, 28, 357),
(113, 1, 353),
(114, 5, 353),
(115, 11, 353),
(116, 12, 353),
(117, 16, 353),
(118, 20, 353),
(119, 6, 353),
(120, 4, 353),
(121, 21, 353),
(122, 31, 353),
(123, 35, 353),
(124, 7, 353),
(125, 26, 353),
(126, 27, 353),
(127, 28, 353),
(128, 33, 353),
(129, 8, 353),
(130, 9, 353),
(131, 10, 353),
(132, 17, 353),
(133, 32, 353),
(134, 29, 353),
(138, 37, 333),
(139, 38, 333),
(140, 39, 333),
(141, 46, 333),
(142, 13, 353),
(143, 36, 333),
(144, 36, 359),
(145, 38, 359),
(146, 39, 359),
(147, 49, 359);

-- --------------------------------------------------------

--
-- Table structure for table `relation_product_category`
--

CREATE TABLE IF NOT EXISTS `relation_product_category` (
  `relation_id` int(11) NOT NULL AUTO_INCREMENT,
  `product_id` int(11) NOT NULL,
  `category_id` int(11) NOT NULL,
  PRIMARY KEY (`relation_id`),
  KEY `product_id` (`product_id`,`category_id`),
  KEY `category to relation` (`category_id`),
  KEY `product_id_2` (`product_id`,`category_id`)
) ENGINE=InnoDB  DEFAULT CHARSET=latin1 AUTO_INCREMENT=4 ;

--
-- Dumping data for table `relation_product_category`
--

INSERT INTO `relation_product_category` (`relation_id`, `product_id`, `category_id`) VALUES
(2, 1, 1),
(3, 1, 2);

-- --------------------------------------------------------

--
-- Table structure for table `renovatio_configuration`
--

CREATE TABLE IF NOT EXISTS `renovatio_configuration` (
  `configuration_id` int(1) NOT NULL AUTO_INCREMENT,
  `meli_application_id` bigint(11) NOT NULL,
  `meli_secret` varchar(255) COLLATE utf8_unicode_ci NOT NULL,
  PRIMARY KEY (`configuration_id`)
) ENGINE=InnoDB  DEFAULT CHARSET=utf8 COLLATE=utf8_unicode_ci AUTO_INCREMENT=2 ;

--
-- Dumping data for table `renovatio_configuration`
--

INSERT INTO `renovatio_configuration` (`configuration_id`, `meli_application_id`, `meli_secret`) VALUES
(1, 1204162705833882, '9BSgeYbRpo4PCAOaCqYzhEqPo7354DyY');

/*!40101 SET CHARACTER_SET_CLIENT=@OLD_CHARACTER_SET_CLIENT */;
/*!40101 SET CHARACTER_SET_RESULTS=@OLD_CHARACTER_SET_RESULTS */;
/*!40101 SET COLLATION_CONNECTION=@OLD_COLLATION_CONNECTION */;
